1, 10900, 14024, 7.20335803073923
2, 10900, 14026, 9.23060185724832
3, 10900, 14026, 9.161015551343565
4, 10900, 14026, 9.054015039505815
5, 10900, 14028, 9.067601236955822
6, 10900, 14028, 8.931568521943047
7, 10900, 14030, 9.07139095169987
8, 10900, 14030, 8.998556204311738
9, 10900, 14032, 8.827788659364343
10, 10900, 14032, 9.035215368780857
11, 10900, 14034, 9.015779843714387
12, 10900, 14034, 8.996919511047917
13, 10900, 14036, 8.928157492246434
14, 10900, 14038, 8.891888262419256
15, 10900, 14038, 8.92894790062782
16, 10900, 14040, 8.855577890398452
17, 10900, 14040, 8.904665287375474
18, 10900, 14042, 8.944945353644117
19, 10900, 14042, 8.66205041266132
20, 10900, 14044, 8.83690029533389
21, 10900, 14044, 8.870432779469192
22, 10900, 14046, 8.863631401794517
23, 10900, 14046, 8.705759415919136
24, 10900, 14048, 8.851453558815846
25, 10900, 14050, 8.81029164727895
26, 10900, 14050, 8.871591514213423
27, 10900, 14052, 8.876647292507188
28, 10900, 14052, 8.740218553578767
29, 10900, 14054, 8.776942298741924
30, 10900, 14054, 8.829639351497633
31, 10900, 14056, 8.818920857107456
32, 10900, 14058, 8.491565004744071
33, 10900, 14062, 8.7848596991469
34, 10900, 14062, 8.62426270720224
35, 10900, 14064, 8.64299826194716
36, 10900, 14066, 8.679225583714214
37, 10900, 14066, 8.713256110803759
38, 10900, 14068, 8.857678909582285
39, 10900, 14068, 8.832440575451784
40, 10900, 14070, 8.73020402518029
41, 10900, 14072, 8.907777867285736
42, 10900, 14072, 8.821791420725058
43, 10900, 14074, 8.790880510985565
44, 10900, 14074, 8.842993962312875
45, 10900, 14076, 8.783542734868684
46, 10900, 14076, 8.822982280601654
47, 10900, 14080, 8.841367734435979
48, 10900, 14080, 8.730076827089023
49, 10900, 14082, 8.764238423384365
50, 10900, 14082, 8.75846908914952
51, 10900, 14084, 8.855655258324008
52, 10900, 14086, 8.93815275398545
53, 10900, 14086, 8.751024119941048
54, 10900, 14088, 8.778824952845365
55, 10900, 14088, 8.71499102526882
56, 10900, 14090, 8.757944407579444
57, 10900, 14092, 8.741816577171344
58, 10900, 14092, 8.808789060703646
59, 10900, 14094, 8.715186472743353
60, 10900, 14096, 8.655803090162314
61, 10900, 14096, 8.834179651469352
62, 10900, 14098, 8.889505259385244
63, 10900, 14098, 8.68729270024906
64, 10900, 14100, 8.540404561685989
65, 10900, 14102, 8.659996770517962
66, 10900, 14102, 8.761367321357802
67, 10900, 14104, 8.521841407124995
68, 10900, 14106, 8.749700915657389
69, 10900, 14108, 8.768045470063388
70, 10900, 14108, 8.695145458669527
71, 10900, 14110, 8.551160849874261
72, 10900, 14112, 8.459779247660995
73, 10900, 14112, 8.754820952898221
74, 10900, 14114, 8.558426060603331
75, 10900, 14114, 8.68681311421882
76, 10900, 14120, 8.695831735204784
77, 10900, 14120, 8.629127369617224
78, 10900, 14120, 8.764677966502285
79, 10900, 14120, 8.590825364610055
80, 10900, 14120, 8.662233005767709
81, 10900, 14122, 8.78096767586886
82, 10900, 14124, 8.827939864100252
83, 10900, 14124, 8.877184350062644
84, 10900, 14126, 8.877672876217822
85, 10900, 14126, 8.632990088033424
86, 10900, 14130, 8.799506732047
87, 10900, 14130, 8.832602201752813
88, 10900, 14132, 8.69346068657252
89, 10900, 14132, 8.683569079008427
90, 10900, 14134, 8.727370829909036
91, 10900, 14134, 8.889190826993072
92, 10900, 14136, 8.732103038325617
93, 10900, 14136, 8.783153937976188
94, 10900, 14140, 8.696294908761512
95, 10900, 14140, 8.613867160915794
96, 10900, 14144, 8.662656207224353
97, 10900, 14144, 8.66866630334256
98, 10900, 14144, 8.804130792804365
99, 10900, 14144, 8.682360394985716
100, 10900, 14150, 8.760742594609825
101, 10900, 14150, 8.834255362695629
102, 10900, 14150, 8.769257899120975
103, 10900, 14152, 8.846564119049688
104, 10900, 14152, 8.801313741061463
105, 10900, 14152, 8.839467155953916
106, 10900, 14158, 8.773644533524664
107, 10900, 14158, 8.702494368250253
108, 10900, 14160, 8.806695227138288
109, 10900, 14160, 8.78676542880253
110, 10900, 14160, 8.643266037480572
111, 10900, 14164, 8.84521508299978
112, 10900, 14164, 8.702740313799962
113, 10900, 14164, 8.866192490297724
114, 10900, 14170, 8.831578668403434
115, 10900, 14170, 8.784402269395821
116, 10900, 14170, 8.85819432097379
117, 10900, 14170, 8.893332852723889
118, 10900, 14170, 8.849753391010031
119, 10900, 14170, 8.919742363630071
120, 10900, 14170, 8.786946969988668
121, 10900, 14178, 8.930755355010453
122, 10900, 14178, 8.813657258461877
123, 10900, 14178, 9.013576444484592
124, 10900, 14178, 8.938085760193665
125, 10900, 14182, 8.99449651485379
126, 10900, 14182, 8.788619913994443
127, 10900, 14182, 8.822180446519706
128, 10900, 14182, 8.82179973835185
129, 10900, 14186, 8.814218017858465
130, 10900, 14186, 8.717966772265306
131, 10900, 14186, 8.700229209739607
132, 10900, 14186, 8.796373286725899
133, 10900, 14192, 8.715072824902325
134, 10900, 14192, 8.75518392824071
135, 10900, 14192, 8.717996140093934
136, 10900, 14192, 8.72287456926999
137, 10900, 14204, 8.7691270316689
138, 10900, 14204, 8.795940736089054
139, 10900, 14204, 8.828169884627219
140, 10900, 14204, 8.75960317104812
141, 10900, 14204, 8.836587647371127
142, 10900, 14204, 8.983112889100799
143, 10900, 14204, 8.933300273915297
144, 10900, 14204, 8.963420405428568
145, 10900, 14204, 8.887604711829567
146, 10900, 14204, 8.909266126887449
147, 10900, 14218, 8.961267609265597
148, 10900, 14218, 9.003920395851832
149, 10900, 14218, 8.98931959169131
150, 10900, 14218, 8.795328876814521
151, 10900, 14218, 9.004899602639279
152, 10900, 14218, 8.998871098106598
153, 10900, 14218, 8.748773903893168
154, 10900, 14218, 8.949034167211781
155, 10900, 14218, 8.952193660599367
156, 10900, 14218, 8.759600016909255
157, 10900, 14218, 8.910900457615192
158, 10900, 14234, 8.97983143125153
159, 10900, 14234, 8.80362738803323
160, 10900, 14234, 8.920671942095595
161, 10900, 14234, 8.95582947444623
162, 10900, 14234, 8.793757640824323
163, 10900, 14234, 8.91773210149404
164, 10900, 14234, 8.891565211708535
165, 10900, 14234, 8.91260069326927
166, 10900, 14234, 8.93309164094609
167, 10900, 14234, 8.905986221491887
168, 10900, 14234, 9.029329200034445
169, 10900, 14234, 8.963915166383739
170, 10900, 14234, 8.86660030769085
171, 10900, 14252, 8.925041134423717
172, 10900, 14252, 8.988264730604742
173, 10900, 14252, 8.99770816445884
174, 10900, 14252, 8.889366880405952
175, 10900, 14252, 8.997099192068369
176, 10900, 14252, 8.850640101584416
177, 10900, 14252, 8.942493069529817
178, 10900, 14252, 8.847506179297946
179, 10900, 14268, 8.923347932818793
180, 10900, 14268, 8.746215414430734
181, 10900, 14268, 8.935886031889043
182, 10900, 14268, 8.828853609713489
183, 10900, 14268, 8.764034454988778
184, 10900, 14268, 9.008104010265706
185, 10900, 14268, 8.942292553349473
186, 10900, 14268, 8.762891649834508
187, 10900, 14162, 8.847970848461566
188, 10900, 14162, 8.859982921735206
189, 10901, 14162, 8.967844145732942
190, 10901, 14162, 8.970596150429532
191, 10901, 14162, 8.869708966495587
192, 10901, 14162, 8.92406350383027
193, 10901, 14162, 8.877875040699902
194, 10901, 14162, 8.977174465212077
195, 10901, 14162, 8.930325879012715
196, 10901, 14162, 8.904545340408761
197, 10900, 14162, 8.919458491585184
198, 10900, 14164, 8.991405464470533
199, 10900, 14164, 8.939868662705047
200, 10900, 14162, 8.863074670724638
201, 10900, 14164, 8.948195435328325
202, 10900, 14164, 9.024857329725908
203, 10900, 14166, 8.906359883529957
204, 10900, 14166, 8.797078817201005
205, 10900, 14196, 9.105484693839358
206, 10900, 14196, 8.811661329748246
207, 10900, 14196, 8.9608074676971
208, 10900, 14196, 8.960276086093035
209, 10900, 14196, 8.986438572998532
210, 10900, 14196, 9.023545751786722
211, 10900, 14196, 9.101974974787787
212, 10900, 14196, 9.035593912822563
213, 10901, 14196, 9.096150498200734
214, 10901, 14196, 9.120184546896684
215, 10901, 14196, 9.040370721536911
216, 10901, 14196, 8.942623902967366
217, 10901, 14196, 8.980967202197995
218, 10901, 14196, 8.926291477853686
219, 10901, 14196, 8.830167530604179
220, 10901, 14196, 8.988264066412535
221, 10901, 14196, 9.07517977291685
222, 10900, 14196, 8.939550657456861
223, 10900, 14196, 9.083603933807249
224, 10900, 14196, 8.910535553043022
225, 10900, 14196, 8.678583412739382
226, 10900, 14196, 8.87280233042808
227, 10900, 14196, 8.866624222078018
228, 10900, 14196, 8.806264211059327
229, 10900, 14196, 8.757496712198854
230, 10900, 14196, 8.877872448789303
231, 10900, 14196, 8.931131754199257
232, 10900, 14196, 8.704193232738035
233, 10900, 14196, 8.712000461260063
234, 10900, 14196, 8.745738104455196
235, 10900, 14196, 8.606927768282912
236, 10900, 14196, 8.808108439648489
237, 10900, 14196, 8.710451368703398
238, 10900, 14196, 8.699689082290307
239, 10900, 14196, 8.726635113891962
240, 10900, 14196, 8.856300688445813
241, 10900, 14196, 8.764777122409106
242, 10900, 14200, 8.639764770177363
243, 10900, 14200, 8.648141100108347
244, 10900, 14198, 8.795709847796784
245, 10900, 14198, 8.646968075588697
246, 10900, 14198, 8.772285377980523
247, 10900, 14198, 8.726936898988574
248, 10900, 14196, 8.69262258324395
249, 10900, 14198, 8.726384059623172
250, 10900, 14198, 8.668589079250273
251, 10900, 14198, 9.05896585010109
252, 10900, 14198, 8.713021429115324
253, 10900, 14200, 8.709053727857967
254, 10900, 14200, 8.73741965185746
255, 10900, 14202, 8.693230797818739
256, 10900, 14198, 8.706725322890543
257, 10900, 14482, 8.746995950494668
258, 10900, 14482, 8.747338776273969
259, 10900, 14482, 8.706704756186486
260, 10900, 14482, 8.729635108810381
261, 10900, 14482, 9.023585247545283
262, 10900, 14482, 8.739228248136836
263, 10900, 14482, 8.74092515468662
264, 10900, 14482, 8.613626212883046
265, 10900, 14482, 8.735148196841065
266, 10900, 14482, 8.736832850742331
267, 10900, 14482, 8.76370168482933
268, 10900, 14482, 8.837566752302104
269, 10900, 14482, 8.777986147164404
270, 10900, 14482, 8.710121407682635
271, 10900, 14482, 8.931918098075377
272, 10900, 14482, 8.792253697255434
273, 10900, 14482, 8.727403392122644
274, 10900, 14482, 8.688370566083181
275, 10900, 14482, 8.643891321103549
276, 10900, 14482, 8.7159102667251
277, 10900, 14482, 8.823973735879608
278, 10900, 14482, 8.641910747935825
279, 10900, 14482, 8.855439276245932
280, 10900, 14482, 8.70101711957305
281, 10900, 14482, 9.015525241952352
282, 10900, 14482, 8.816741040250168
283, 10900, 14482, 8.571711582451625
284, 10900, 14482, 8.664576555978941
285, 10900, 14482, 8.769190884382187
286, 10900, 14482, 8.673366588360123
287, 10900, 14482, 8.672246686738312
288, 10900, 14482, 8.69817608693398
289, 10900, 14482, 8.77170400568959
290, 10900, 14482, 8.789649392650821
291, 10900, 14482, 8.905946444308226
292, 10900, 14482, 8.75897301921144
293, 10900, 14482, 8.723253668455186
294, 10900, 14482, 8.754678543710444
295, 10900, 14482, 8.558716925823285
296, 10900, 14482, 8.776013938324013
297, 10900, 14482, 8.67605342862087
298, 10900, 14482, 8.771110060705967
299, 10901, 14482, 8.781380369962818
300, 10900, 14482, 8.747801161858767
301, 10900, 14482, 8.830902856001142
302, 10900, 14482, 8.7737312351075
303, 10900, 14482, 8.714895490236271
304, 10900, 14482, 8.642304333770298
305, 10900, 14482, 8.668532243197328
306, 10900, 14482, 8.742542287849188
307, 10900, 14482, 8.663660087992179
308, 10900, 14482, 8.651143967671622
309, 10900, 14482, 8.67171373740983
310, 10900, 14486, 8.713702415383077
311, 10900, 14486, 8.984747217132199
312, 10901, 14482, 8.800403776607814
313, 10901, 14486, 8.601603881381061
314, 10900, 14188, 8.828926025413786
315, 10900, 14188, 8.753773156494397
316, 10900, 14190, 8.817543164235262
317, 10900, 14190, 8.701818867826802
318, 10900, 14190, 8.800012212309849
319, 10900, 14190, 8.619956332858733
320, 10900, 14184, 8.855369003751825
321, 10900, 14190, 8.999885831834213
322, 10900, 14190, 8.70644113703924
323, 10900, 14190, 8.666552713219001
324, 10900, 14190, 8.750214538305437
325, 10900, 14190, 8.698431119169795
326, 10900, 14190, 8.670543580854732
327, 10900, 14190, 8.63336141448367
328, 10900, 14184, 8.662126286564664
329, 10900, 14190, 8.620281941440533
330, 10900, 14190, 8.628127190995041
331, 10900, 14190, 8.914909193998202
332, 10900, 14190, 8.69234304431776
333, 10900, 14190, 8.639616874479001
334, 10900, 14190, 8.761200718846675
335, 10900, 14192, 8.634272708984357
336, 10900, 14186, 8.772920610556097
337, 10900, 14192, 8.639062157306384
338, 10900, 14192, 8.646068234772793
339, 10900, 14192, 8.736024637731122
340, 10900, 14192, 8.719900472474723
341, 10900, 14192, 8.96773042460961
342, 10900, 14266, 8.59636677067225
343, 10900, 14266, 8.744957792852281
344, 10900, 14266, 8.627079516919698
345, 10900, 14266, 8.843597039929772
346, 10900, 14266, 8.5768763509914
347, 10900, 14266, 8.607784758278234
348, 10900, 14266, 8.641784267744175
349, 10900, 14266, 8.688189972327178
350, 10900, 14266, 8.658917919441866
351, 10900, 14266, 8.984443265409652
352, 10900, 14266, 8.661142496392342
353, 10900, 14266, 8.72061629653252
354, 10900, 14266, 8.596898397490763
355, 10900, 14266, 8.691213269055819
356, 10900, 14266, 8.650503484458087
357, 10900, 14266, 8.550438312994949
358, 10900, 14266, 8.66569941636549
359, 10900, 14266, 8.577588845894905
360, 10900, 14266, 8.598834074523058
361, 10900, 14266, 8.919219111231303
362, 10900, 14266, 8.539201830011253
363, 10900, 14266, 8.64989692786145
364, 10900, 14266, 8.606826670553726
365, 10900, 14266, 8.637269018299591
366, 10900, 14266, 8.782335230333128
367, 10900, 14266, 8.642900613989006
368, 10900, 14266, 8.654895867146667
369, 10900, 14266, 8.597329823007898
370, 10900, 14266, 8.726653270496456
371, 10900, 14266, 8.788562128078738
372, 10900, 14266, 8.58025661167845
373, 10900, 14266, 8.582275026363892
374, 10900, 14266, 8.70403253460437
375, 10900, 14266, 8.724280404469829
376, 10900, 14266, 8.648107896925007
377, 10900, 14266, 8.691901409457168
378, 10900, 14266, 8.596432385054037
379, 10900, 14266, 8.602522476851268
380, 10900, 14266, 8.631912441824008
381, 10900, 14266, 8.956455955170453
382, 10900, 14266, 8.805722950332491
383, 10900, 14266, 8.649886470735023
384, 10900, 14266, 8.6260351559245
385, 10900, 14266, 8.546310413761917
386, 10900, 14266, 8.603626876120105
387, 10900, 14266, 8.644322561534793
388, 10900, 14266, 8.562251041624211
389, 10900, 14266, 8.696171805471987
390, 10900, 14266, 8.670775979843365
391, 10900, 14266, 8.876025449388006
392, 10900, 14266, 8.743701789968972
393, 10900, 14266, 8.617070305014359
394, 10900, 14266, 8.660089255976635
395, 10900, 14266, 8.807660065443327
396, 10900, 14266, 8.617582516302477
397, 10900, 14266, 8.780743911726807
398, 10900, 14266, 8.711220543142396
399, 10900, 14266, 8.730860752124936
400, 10900, 14266, 8.722606216993471
401, 10900, 14266, 9.0632973567783
402, 10900, 14266, 8.821573888362881
403, 10900, 14500, 8.640955484324387
404, 10900, 14500, 8.77489206220772
405, 10900, 14502, 8.605302575163773
406, 10900, 14502, 8.79772782703063
407, 10900, 14502, 8.835219190181768
408, 10900, 14502, 8.588839314778559
409, 10900, 14504, 8.727496696734189
410, 10900, 14504, 8.682247601644587
411, 10900, 14504, 8.989011344713347
412, 10900, 14506, 8.770471928318454
413, 10900, 14506, 8.721636783414475
414, 10900, 14506, 8.804768733950011
415, 10900, 14506, 8.724675271018727
416, 10900, 14508, 8.620284996046506
417, 10900, 14508, 8.760004396033027
418, 10900, 14508, 8.729021163324406
419, 10900, 14510, 8.710007891901359
420, 10900, 14510, 8.722788869895322
421, 10900, 14510, 8.88992042217374
422, 10900, 14512, 8.7913036684297
423, 10900, 14512, 8.68540320225413
424, 10900, 14512, 8.583876993812838
425, 10900, 14520, 8.81422121145344
426, 10900, 14522, 8.73243842844444
427, 10900, 14522, 8.706319615857716
428, 10900, 14522, 8.624792286026866
429, 10900, 14524, 8.753355493997356
430, 10900, 14524, 8.835826984461024
431, 10900, 14524, 8.821062089826519
432, 10900, 14516, 8.536195883306549
433, 10900, 14526, 8.550811588432264
434, 10900, 14526, 8.796347205261718
435, 10900, 14526, 8.777427454688677
436, 10900, 14528, 8.770693271948362
437, 10900, 14528, 8.834199541581082
438, 10900, 14528, 8.58167012880744
439, 10900, 14528, 8.688561097531183
440, 10900, 14522, 8.570825523912628
441, 10900, 14530, 8.928696213121588
442, 10900, 14530, 8.806403202759785
443, 10900, 14536, 8.805258245979191
444, 10900, 14536, 8.74550041220068
445, 10900, 14536, 8.661089458255814
446, 10900, 14536, 8.7229715304469
447, 10900, 14538, 8.796745441538203
448, 10900, 14526, 8.728050929673193
449, 10900, 14538, 8.717842429821568
450, 10900, 14540, 8.775399150140968
451, 10900, 14540, 8.992675137668316
452, 10900, 14540, 8.724031988524295
453, 10900, 14540, 8.578689272189488
454, 10900, 14542, 8.636228320822433
455, 10900, 14542, 8.778242079940256
456, 10900, 14530, 8.48586242089425
457, 10900, 14544, 8.710414566519173
458, 10900, 14544, 8.690938167598638
459, 10900, 14544, 8.828362752302048
460, 10900, 14546, 8.68459517487489
461, 10900, 14546, 8.94960240851982
462, 10900, 14546, 8.702894114663872
463, 10900, 14546, 8.725729257862458
464, 10900, 14536, 8.636396949526402
465, 10900, 14548, 8.72663073127461
466, 10900, 14548, 8.70846137825365
467, 10900, 14550, 8.757855495417735
468, 10900, 14550, 8.718349819271456
469, 10900, 14550, 8.666936813385501
470, 10900, 14550, 8.581906870347712
471, 10900, 14552, 9.034342287968192
472, 10900, 14540, 8.574949941490603
473, 10901, 14552, 8.704940743907677
474, 10901, 14554, 8.666228539411788
475, 10900, 14554, 8.47201587268199
476, 10900, 14554, 8.57973914478137
477, 10900, 14554, 8.645388561174453
478, 10900, 14556, 8.655209339542523
479, 10900, 14556, 8.718874142089012
480, 10900, 14544, 8.647440812911142
481, 10900, 14558, 8.69759081339669
482, 10900, 14558, 8.553808590178875
483, 10900, 14558, 8.610181825286274
484, 10900, 14558, 8.695430150823245
485, 10900, 14560, 8.576140391845636
486, 10900, 14560, 8.667352445645745
487, 10900, 14560, 8.671428741507764
488, 10900, 14550, 8.675938942581652
489, 10900, 14562, 8.559346900471677
490, 10900, 14562, 8.584419799688805
491, 10900, 14562, 8.774307812575856
492, 10900, 14564, 8.595716148932429
493, 10900, 14564, 8.716908412805774
494, 10900, 14564, 8.767924119191182
495, 10900, 14566, 8.820787022650823
496, 10900, 14554, 8.61620475139766
497, 10900, 14568, 8.786522327704152
498, 10900, 14572, 8.524386784254581
499, 10900, 14572, 8.775426373747514
500, 10900, 14572, 8.542727044024451
501, 10900, 14572, 8.837281665920386
502, 10900, 14574, 8.629318372562082
503, 10900, 14574, 8.712465982938626
504, 10900, 14562, 8.562786896209447
505, 10900, 14576, 8.64143922896094
506, 10900, 14576, 8.768607393669797
507, 10900, 14576, 8.530674320194315
508, 10900, 14576, 8.779355941403024
509, 10900, 14578, 8.726211898586536
510, 10900, 14578, 8.763031801060615
511, 10900, 14578, 8.880201890839386
512, 10900, 14270, 8.668834965544118
513, 10900, 14336, 8.702919644888
514, 10900, 14336, 8.693422163825247
515, 10900, 14336, 8.714538969491223
516, 10900, 14340, 8.764199902310024
517, 10900, 14340, 8.75750932270983
518, 10900, 14340, 8.63586103963755
519, 10900, 14344, 8.733978419174441
520, 10900, 14332, 8.802180579176905
521, 10900, 14344, 8.858660113522989
522, 10900, 14344, 8.694469234141442
523, 10900, 14348, 8.742462485194716
524, 10900, 14350, 8.838937863775145
525, 10900, 14350, 8.712000461260063
526, 10900, 14354, 8.655631239023446
527, 10900, 14354, 8.798956754004351
528, 10900, 14340, 8.76647259340738
529, 10900, 14358, 8.761795847074646
530, 10900, 14358, 8.791871754633585
531, 10900, 14358, 8.76315364788661
532, 10900, 14358, 8.690593539107123
533, 10900, 14362, 8.635504825127125
534, 10900, 14362, 8.669645624179791
535, 10900, 14362, 8.683135153718887
536, 10900, 14352, 8.769641040785327
537, 10900, 14366, 8.78305436584208
538, 10900, 14366, 8.6571769126511
539, 10900, 14366, 8.776756737606
540, 10900, 14370, 8.573522320690044
541, 10900, 14370, 8.91788967226385
542, 10900, 14370, 8.756644325857232
543, 10900, 14374, 8.701596006824506
544, 10900, 14360, 8.746938081637925
545, 10900, 14374, 8.693801814183008
546, 10900, 14374, 8.725535215032204
547, 10900, 14378, 8.675971122136046
548, 10900, 14378, 8.588725905934192
549, 10900, 14378, 8.670559032528528
550, 10900, 14382, 8.689728052214889
551, 10900, 14382, 8.919430366997698
552, 10900, 14368, 8.794071080147232
553, 10900, 14382, 8.72358274825797
554, 10900, 14386, 8.566155454881958
555, 10900, 14386, 8.76384123052918
556, 10900, 14386, 8.65254524000099
557, 10900, 14390, 8.60481130190104
558, 10900, 14390, 8.64683530041107
559, 10900, 14390, 8.635621312008697
560, 10900, 14376, 8.794924409522263
561, 10900, 14396, 8.892075473574007
562, 10900, 14396, 8.784746764765742
563, 10900, 14396, 8.698210297706861
564, 10900, 14400, 8.709373630152042
565, 10900, 14728, 8.713988324018864
566, 10900, 14728, 8.798670334334064
567, 10900, 14734, 8.752639323937013
568, 10900, 14718, 8.841273264482727
569, 10900, 14734, 8.76491417598657
570, 10900, 14736, 8.619485374099765
571, 10900, 14740, 8.946561215725024
572, 10900, 14740, 8.689151984345715
573, 10900, 14410, 8.737808176391137
574, 10900, 14746, 8.680529414967758
575, 10900, 14746, 8.700200583790886
576, 10900, 14730, 8.712195774619842
577, 10900, 14748, 8.826552306517632
578, 10900, 14752, 8.653016125074847
579, 10900, 14752, 8.550661913690732
580, 10900, 14754, 8.730183347405768
581, 10900, 14758, 8.898695331577953
582, 10900, 14758, 8.777150035192358
583, 10900, 14758, 8.642405038557825
584, 10900, 14746, 8.666853444700925
585, 10900, 14764, 8.718571664495293
586, 10900, 14764, 8.661091925131482
587, 10900, 14766, 8.761544659022439
588, 10900, 14770, 8.730463445583618
589, 10900, 14770, 8.736085499498214
590, 10900, 14770, 8.595314647219869
591, 10900, 14776, 8.856012457774883
592, 10900, 14762, 8.725213498517856
593, 10900, 14780, 8.620246508169457
594, 10900, 14782, 8.574831458678077
595, 10900, 14786, 8.675917283400603
596, 10900, 14786, 8.690655011375712
597, 10900, 14788, 8.642905527041105
598, 10900, 14792, 8.707769989958864
599, 10900, 14792, 8.637775659508858
600, 10900, 14774, 8.543049244237322
601, 10900, 14794, 8.852787101920564
602, 10900, 14798, 8.618597350653268
603, 10900, 14798, 8.643928791855714
604, 10900, 14800, 8.576621139677329
605, 10900, 14804, 8.643908520752731
606, 10900, 14804, 8.563690586952516
607, 10900, 14804, 8.622351016380613
608, 10900, 14788, 8.554182761532218
609, 10900, 14810, 8.64324761202699
610, 10900, 14810, 8.543092446113679
611, 10900, 14812, 8.706918530005646
612, 10900, 14816, 8.527868085841796
613, 10900, 14816, 8.67956373700115
614, 10900, 14816, 8.60391230143101
615, 10900, 14818, 8.679328389435028
616, 10900, 14804, 8.74863420835871
617, 10900, 14822, 8.618427584338281
618, 10900, 14824, 8.655301722773045
619, 10900, 14828, 8.717245135668088
620, 10900, 14828, 8.681668187546014
621, 10900, 14828, 8.808393560503113
622, 10900, 14830, 8.72691060153175
623, 10900, 14834, 8.510837716512933
624, 10900, 14816, 8.585835295004552
625, 10900, 14836, 8.647684271279266
626, 10900, 14840, 8.624657744828157
627, 10900, 14840, 8.757244509605805
628, 10900, 14840, 8.683785437961939
629, 10900, 14842, 8.41348173344478
630, 10900, 14846, 8.561137956329016
631, 10900, 14846, 8.826251918670502
632, 10900, 14830, 8.532867003454752
633, 10900, 14852, 8.68146804428394
634, 10900, 14852, 8.675195785061652
635, 10900, 14854, 8.549371562076958
636, 10900, 14858, 8.67350760144404
637, 10900, 14858, 8.651098435474202
638, 10900, 14858, 8.539278564486375
639, 10900, 14860, 8.626462781084745
640, 10900, 14846, 8.398583779892489
641, 10900, 14864, 8.739355085128999
642, 10900, 14866, 8.580984802388725
643, 10900, 14870, 8.57588341039431
644, 10900, 14870, 8.58269892931842
645, 10900, 14870, 8.521923800497213
646, 10900, 14872, 8.577270083542391
647, 10900, 14876, 8.481707905534124
648, 10900, 14858, 8.546195723389646
649, 10900, 14878, 8.497890282977695
650, 10900, 14882, 8.503688712577963
651, 10900, 14882, 8.667167166311243
652, 10900, 14882, 8.54610445366994
653, 10900, 14884, 8.546772809311292
654, 10900, 14888, 8.491555519749816
655, 10900, 14888, 8.518510586577396
656, 10900, 14872, 8.607037395010579
657, 10900, 14896, 8.465357853387728
658, 10900, 14896, 8.478837449144152
659, 10900, 14896, 8.613095564753603
660, 10900, 14898, 8.492597810249098
661, 10900, 14902, 8.714113805130099
662, 10900, 14902, 8.47603449622691
663, 10900, 14904, 8.492147779722563
664, 10900, 14888, 8.536788994624626
665, 10900, 14908, 8.465209976985534
666, 10900, 14910, 8.53754038729124
667, 10900, 14914, 8.458435594202262
668, 10900, 14914, 8.513701280798301
669, 10900, 14914, 8.426720604410887
670, 10900, 14916, 8.506499875096544
671, 10900, 14920, 8.605818868234232
672, 10900, 14900, 8.529976775790832
673, 10900, 14922, 8.442836044783366
674, 10900, 14926, 8.475168697117212
675, 10900, 14926, 8.506415995037479
676, 10900, 14926, 8.397443848330619
677, 10900, 14928, 8.436566096348804
678, 10900, 14932, 8.47510314927185
679, 10900, 14932, 8.45701651496832
680, 10900, 14914, 8.284481212653457
681, 10900, 14938, 8.640701969743468
682, 10900, 14938, 8.469724596880608
683, 10900, 14940, 8.480142068651642
684, 10900, 14942, 8.418442379209687
685, 10900, 14946, 8.323830800595175
686, 10900, 14946, 8.410682270654624
687, 10900, 14948, 8.410745081053332
688, 10900, 14930, 8.400214779524674
689, 10900, 14952, 8.46481998511982
690, 10900, 14952, 8.368066416824796
691, 10900, 14954, 8.623307061516208
692, 10900, 14958, 8.430521062229934
693, 10900, 14958, 8.261358017580788
694, 10900, 14960, 8.193386165547404
695, 10900, 14964, 8.42239166510523
696, 10900, 14942, 8.428058871710316
697, 10900, 14964, 8.45518294427106
698, 10900, 14966, 8.263142720420777
699, 10900, 14970, 8.387593390427117
700, 10900, 14970, 8.452170067633444
701, 10900, 14972, 8.577264639988808
702, 10900, 14976, 8.265093305627827
703, 10900, 14976, 8.348908651468864
704, 10900, 14956, 8.123973214324476
705, 10900, 14982, 7.970098146335902
706, 10900, 15392, 7.948313633017045
707, 10900, 15392, 8.20281702298694
708, 10900, 15394, 7.980985495561322
709, 10900, 14988, 8.084802854075651
710, 10900, 14990, 8.143033212325184
711, 10900, 14992, 8.49271758925571
712, 10900, 14972, 8.000897738459477
713, 10900, 14996, 7.909482120128071
714, 10900, 14996, 7.92623362155235
715, 10900, 14998, 8.029149086477041
715, 10900, 14998, 8.453991167690921
716, 10900, 15002, 8.04154118302036
717, 10900, 15002, 7.934930794395185
718, 10900, 15420, 7.920447809584424
719, 10900, 15008, 7.958863927790842
720, 10900, 15402, 8.01952141776202
721, 10900, 15402, 8.427383262187593
722, 10900, 15404, 7.970380687738707
723, 10900, 15410, 7.894634716740325
724, 10900, 15410, 7.920331251173303
725, 10900, 15412, 7.959905079125378
726, 10900, 15418, 7.938059094464058
727, 10900, 15418, 7.901387725745461
728, 10900, 15418, 7.957484131947305
729, 10900, 15420, 7.856026812385253
730, 10900, 15426, 7.845082808687723
731, 10900, 15426, 8.456911852473578
732, 10900, 15428, 7.865649701643528
733, 10900, 15434, 7.995327227510672
734, 10900, 15434, 7.8297491264378785
735, 10900, 15434, 7.907167303652845
736, 10900, 15436, 7.9160374860264335
737, 10900, 15442, 7.892406933078115
738, 10900, 15442, 7.875924937760123
739, 10900, 15444, 7.930865775264738
740, 10900, 15450, 7.925000395810829
741, 10900, 15450, 8.426389022726518
742, 10900, 15452, 7.887969969962959
743, 10900, 15458, 7.859467456385979
744, 10900, 15458, 7.962377537387751
745, 10900, 15458, 7.879460621326225
746, 10900, 15460, 7.878224046706569
747, 10900, 15466, 7.874682845025864
748, 10900, 15466, 7.734798301960089
749, 10900, 15468, 7.703546486747454
750, 10900, 15474, 7.680800999481252
751, 10900, 15474, 8.254826299895338
752, 10900, 15474, 7.819527086166645
753, 10900, 15476, 7.695781230060203
754, 10900, 15482, 7.687699251769924
755, 10900, 15482, 7.575555969794391
756, 10900, 15484, 7.619083699113796
757, 10900, 15490, 7.621139777372282
758, 10900, 15490, 7.594993983814056
759, 10900, 15490, 7.592551965848789
760, 10900, 15492, 7.956639308284507
761, 10900, 15498, 8.306512729672335
762, 10900, 15498, 7.793838171391781
763, 10900, 15500, 7.738552510899583
764, 10900, 15506, 7.7997515053828534
765, 10900, 15506, 7.713518225104944
766, 10900, 15506, 7.7517024646926895
767, 10900, 15508, 7.779048716865925
768, 10900, 15514, 7.884566683628326
769, 10900, 15292, 7.578568286128193
770, 10900, 15294, 7.613091746109218
771, 10900, 15298, 8.157267882842584
772, 10900, 15298, 7.589570198248846
773, 10900, 15302, 7.593902443288037
774, 10900, 15306, 7.578995169586621
775, 10900, 15306, 7.543670123399212
776, 10901, 15530, 7.654391387649777
777, 10900, 15308, 7.606977904802407
778, 10900, 15312, 7.585958642788963
779, 10900, 15312, 7.627220455065486
780, 10900, 15316, 7.583134275887355
781, 10900, 15320, 8.107735898910542
782, 10900, 15320, 7.608377778937056
783, 10900, 15320, 7.531736843373012
784, 10900, 15548, 7.656294999723986
785, 10900, 15326, 7.590239873409073
786, 10900, 15326, 7.539185165543737
787, 10900, 15330, 7.545081893742433
788, 10900, 15334, 7.561125703415445
789, 10900, 15334, 7.568793834791651
790, 10900, 15334, 7.567988557689208
791, 10900, 15336, 8.090262012878325
792, 10900, 15340, 7.703286937058664
793, 10900, 15340, 7.603517070323278
794, 10900, 15344, 7.5616013921300045
795, 10900, 15348, 8.006734263832216
796, 10900, 15348, 8.019404040055743
797, 10900, 15348, 8.044524810817636
798, 10900, 15350, 8.01481631325799
799, 10900, 15354, 7.99621866080375
800, 10900, 15354, 8.214817030519644
801, 10900, 15358, 8.006822809437658
802, 10900, 15362, 8.025970306867222
803, 10900, 15362, 7.978788793955069
804, 10900, 15362, 7.9541012319573365
805, 10900, 15364, 7.961821426093422
806, 10900, 15368, 7.91696800787669
807, 10900, 15368, 7.931383953769094
808, 10900, 15372, 8.149908423527867
809, 10900, 15376, 8.06001614987551
810, 10900, 15376, 8.064487889160944
811, 10900, 15378, 8.062507912717047
812, 10900, 15382, 7.969656878675738
813, 10900, 15382, 8.04642570065399
814, 10900, 15382, 8.023723369490002
815, 10900, 15386, 8.041232841493102
816, 10900, 15390, 8.147085678522284
817, 10900, 15390, 8.004505983991754
818, 10900, 15392, 7.995854389575233
819, 10900, 15396, 7.990203241228368
820, 10900, 15396, 7.9559268392438565
821, 10900, 15396, 7.993571748288495
822, 10900, 15400, 7.967798346631032
823, 10900, 15404, 7.92735976581357
824, 10900, 15404, 8.110112876326376
825, 10900, 15406, 7.980629941563211
826, 10900, 15410, 7.970296602159162
827, 10900, 15410, 7.894090076808409
828, 10900, 15410, 7.988012479535756
829, 10900, 15414, 7.92385737100301
830, 10900, 15418, 7.980679685798194
831, 10900, 15418, 7.934519291410184
832, 10900, 15420, 8.126568752171782
833, 10900, 15424, 7.918434822495224
834, 10900, 15424, 7.848691631095256
835, 10900, 15424, 7.9486600800546
836, 10900, 15428, 7.966132147679942
837, 10900, 15432, 7.8895898120583805
838, 10900, 15432, 7.950222323546923
839, 10900, 15434, 7.916334755219022
840, 10900, 15438, 7.60532935968576
841, 10900, 15438, 7.897418523560002
842, 10900, 15442, 7.412376087718399
843, 10900, 15446, 7.399919098719091
844, 10900, 15446, 7.409227220117214
845, 10900, 15446, 7.360858088480874
846, 10900, 15448, 7.410684378819089
847, 10900, 15452, 7.426015140583193
848, 10900, 15452, 7.546926835369965
849, 10900, 15456, 7.329111182064773
850, 10900, 15460, 7.407545519309707
851, 10900, 15460, 7.902374874002619
852, 10900, 15460, 7.3952068092304915
853, 10900, 15462, 7.451776332544239
854, 10900, 15466, 7.370981033701132
855, 10900, 15466, 7.402721242862999
856, 10900, 15470, 7.453957776591369
857, 10900, 15474, 7.370449080896611
858, 10900, 15474, 7.911722642885563
859, 10900, 15474, 7.329839479074718
860, 10900, 15476, 7.403457484089101
861, 10900, 15480, 7.865220940717671
862, 10900, 15480, 7.348554422642052
863, 10900, 15484, 7.3188949682378075
864, 10900, 15488, 7.486315903498482
865, 10900, 15488, 7.351937194711457
866, 10900, 15488, 7.348044345561526
867, 10900, 15490, 7.369744841700961
868, 10900, 15494, 7.380364674967362
869, 10900, 15494, 7.347978204982291
870, 10900, 15498, 7.336895413961433
871, 10900, 15502, 7.846992858893456
872, 10900, 15502, 7.2872392809242035
873, 10900, 15502, 7.364160353979107
874, 10900, 15504, 7.343945879984884
875, 10900, 15508, 7.358235767825064
876, 10900, 15508, 7.340850441541038
877, 10900, 15512, 7.339669508908478
878, 10900, 15516, 7.355087356571498
879, 10900, 15516, 7.32624312623467
880, 10900, 15518, 7.344920614533502
881, 10900, 15522, 7.829201307617306
882, 10900, 15522, 7.300747308109829
883, 10900, 15522, 7.330193742553637
884, 10900, 15526, 7.32820598124938
885, 10900, 15530, 7.374405055550783
886, 10900, 15530, 7.323698321817766
887, 10900, 15532, 7.346319309382732
888, 10900, 15536, 7.2414792750853625
889, 10900, 15536, 7.330123947289318
890, 10900, 15536, 7.367109939602145
891, 10900, 15540, 7.834244941498935
892, 10900, 15544, 7.336410406300897
893, 10900, 15544, 7.3528344891892585
894, 10900, 15546, 7.353223429272687
895, 10900, 15550, 7.265371538886088
896, 10900, 15550, 7.291923784278868
897, 10900, 15550, 7.194929925411234
898, 10900, 15554, 7.206283929378962
899, 10900, 15558, 7.20504388783773
900, 10900, 15558, 7.169425869786737
901, 10900, 15560, 7.651336795327076
902, 10900, 15564, 7.182096097045803
903, 10900, 15564, 7.188215221404869
904, 10900, 15564, 7.1626502629253395
905, 10900, 15568, 7.194549890273115
906, 10900, 15572, 7.190642921951596
907, 10900, 15572, 7.173707912310717
908, 10900, 15574, 7.178281432965012
909, 10900, 15578, 7.201277292488518
910, 10900, 15578, 7.180709633588735
911, 10900, 15582, 7.629139764032266
912, 10900, 15586, 7.204767764575779
913, 10900, 15586, 7.173874189277562
914, 10900, 15586, 7.153443611859626
915, 10900, 15588, 7.152902632696732
916, 10900, 15592, 7.160190001537587
917, 10900, 15592, 7.162199826472357
918, 10902, 15596, 7.125384878860072
919, 10905, 15600, 7.182405262345816
920, 10900, 15600, 7.171280638721614
921, 10910, 15600, 7.659661761520209
922, 10912, 15602, 7.140476368266098
923, 10916, 15606, 7.163132393920288
924, 10919, 15606, 7.173752759792009
925, 10921, 15610, 7.167926440410064
926, 10922, 15614, 7.135267716224574
927, 10928, 15614, 7.146912324730428
928, 10900, 15614, 7.181075913182028
929, 10932, 15618, 7.083350255326526
930, 10933, 15622, 7.128665112874951
931, 10946, 16162, 7.5563918219508
932, 10947, 16166, 7.070816512978559
933, 10950, 16172, 7.0947567781175405
934, 10950, 15650, 7.133557452158145
935, 10954, 15650, 7.104038178882446
936, 10914, 15632, 7.123380224281256
937, 10959, 15656, 7.114602091433552
938, 10962, 15656, 7.137619988159402
939, 10964, 15660, 7.131776920659001
940, 10966, 15664, 7.091714811127237
941, 10969, 15664, 7.599978656171035
942, 10971, 15664, 7.0937405685650265
943, 10974, 15666, 7.070534141631439
944, 10938, 15650, 7.087792732080621
945, 10981, 15670, 7.1063636740204075
946, 10983, 15674, 7.106301397490008
947, 10986, 15678, 7.071346379759926
948, 10991, 15678, 7.0965594455532885
949, 10994, 15680, 7.108369146492994
950, 10996, 15684, 7.093047677295262
951, 10999, 15684, 7.542828553514166
952, 10960, 15664, 7.115461948234973
953, 11005, 15688, 7.078517454113522
954, 11007, 15712, 7.119083450931393
955, 11008, 15712, 7.061581074341925
956, 11010, 15714, 7.047396164671828
957, 11013, 15718, 7.119435136190754
958, 11015, 15718, 7.101285081458084
959, 11020, 15718, 7.067735487383955
960, 10983, 15682, 7.117265159151149
961, 11026, 15726, 7.436018173904112
962, 11029, 15726, 6.9817565996454904
963, 11031, 15728, 6.987031622318417
964, 11034, 15732, 7.010379884954325
965, 11036, 15732, 6.974804937688838
966, 11040, 15732, 6.967405313371321
967, 11046, 15736, 6.996939427587535
968, 11003, 15700, 7.000467849625798
969, 11054, 15740, 7.011432569238686
970, 11054, 15742, 7.010860322366917
971, 11054, 15766, 7.404835288356478
972, 11058, 15766, 6.944114791726195
973, 11063, 15766, 6.9590840027102905
974, 11064, 15770, 6.956242773383013
975, 11068, 15774, 6.9764083077399395
976, 11028, 15734, 6.971222822018999
977, 11074, 15776, 6.977476429935957
978, 11078, 15780, 7.008871117420362
979, 11080, 15780, 6.954449842637717
980, 11082, 15780, 6.9829281829995535
981, 11083, 15784, 7.390597063443117
982, 11089, 15788, 6.972499985095961
983, 11093, 15788, 6.949559383499133
984, 11051, 15750, 6.970021213513845
985, 11098, 15794, 6.9216068440560505
986, 11100, 15794, 6.8857693658062935
987, 11103, 15798, 6.969927355294353
988, 11104, 15822, 6.941010876577929
989, 11106, 15822, 6.981779442363712
990, 11111, 15822, 6.918426995255523
991, 11114, 15824, 7.343941445932998
992, 11071, 15768, 6.96611046703851
993, 11116, 15828, 6.890502506949145
994, 11119, 15832, 6.9110219703047475
995, 11122, 15836, 6.882086513053352
996, 11126, 15836, 6.914117981230246
997, 11131, 15836, 6.894908756754269
998, 11132, 15838, 6.883298501324798
999, 11134, 15842, 6.880958641435862
1000, 11095, 15802, 6.912616574392222
1001, 11140, 15846, 7.351251594254296
1002, 11142, 15850, 6.914590424657739
1003, 11145, 15850, 6.93958051517342
1004, 11149, 15850, 6.894123648350702
1005, 11150, 15872, 6.882134797480705
1006, 11153, 15876, 6.902000411391283
1007, 11158, 15876, 6.901405163054348
1008, 11113, 15820, 6.885355418129386
1009, 11160, 15884, 6.934001330422722
1010, 11162, 15884, 6.855096835751045
1011, 11166, 15884, 7.278894369968506
1012, 11167, 15886, 6.844737363369528
1013, 11170, 15890, 6.894832934603713
1014, 11175, 15890, 6.855853372275008
1015, 11176, 15894, 6.8548573135354545
1016, 11133, 15858, 6.896060364076933
1017, 11182, 15898, 6.876398757220555
1018, 11185, 15900, 6.878670552606315
1019, 11187, 15904, 6.856802176772331
1020, 11189, 15904, 6.8520314429486895
1021, 11195, 15904, 7.355561492611288
1022, 11195, 15908, 6.932551729475788
1023, 11197, 15912, 6.971796208760891
1024, 11162, 15872, 7.429284931388875
1025, 11210, 15974, 7.37124770896172
1026, 11213, 15978, 6.887227154044632
1027, 11215, 15978, 6.8879447731357795
1028, 11219, 15978, 6.935324600594602
1029, 11221, 15982, 6.93838266503205
1030, 11220, 15986, 6.911495954323997
1031, 11223, 15986, 7.33490490147387
1032, 11181, 15928, 6.978999339594657
1033, 11231, 15992, 6.88511884326885
1034, 11233, 15992, 6.932845710762961
1035, 11237, 15992, 6.9753893143078995
1036, 11239, 15996, 6.878430936117215
1037, 11241, 16000, 6.845427277488947
1038, 11246, 16000, 6.883358488693217
1039, 11246, 16002, 6.861171223188453
1040, 11201, 15966, 6.908111555649328
1041, 11251, 16006, 7.313306781282765
1042, 11256, 16006, 6.863949636642097
1043, 11258, 16030, 6.8751666581128505
1044, 11261, 16034, 6.864698830389225
1045, 11265, 16034, 6.847165583836938
1046, 11266, 16036, 6.893673923147675
1047, 11268, 16040, 6.9050906947723325
1048, 11223, 15980, 6.895254276739254
1049, 11278, 16040, 6.873274283416208
1050, 11279, 16044, 6.892270032788408
1051, 11278, 16048, 7.304844187711027
1052, 11285, 16048, 6.829405312778365
1053, 11287, 16050, 6.839263815547472
1054, 11289, 16054, 6.882140248990876
1055, 11292, 16054, 6.893230897657171
1056, 11246, 15998, 6.949295745357445
1057, 11298, 16062, 7.141268279657738
1058, 11302, 16082, 6.888467481157138
1059, 11307, 16082, 6.837228576201698
1060, 11308, 16084, 6.848550386567711
1061, 11310, 16088, 7.2681456535365605
1062, 11312, 16088, 6.852835177162973
1063, 11315, 16092, 6.841406084735022
1064, 11267, 16036, 6.818616018701428
1065, 11321, 16096, 6.822779226455473
1066, 11325, 16096, 6.8015757021525465
1067, 11327, 16098, 6.8807320994628345
1068, 11329, 16102, 6.819536955907942
1069, 11335, 16102, 6.844513200108356
1070, 11336, 16106, 6.8642653317535745
1071, 11338, 16110, 7.271627797310698
1072, 11288, 16050, 6.848437407011637
1073, 11346, 16110, 6.808867220198993
1074, 11348, 16112, 6.823912222930848
1075, 11352, 16136, 6.822876817760788
1076, 11358, 16136, 6.843283259639066
1077, 11359, 16140, 6.837847785067458
1078, 11358, 16164, 6.804734672568607
1079, 11360, 16164, 6.798176866322719
1080, 11314, 16084, 6.864298646060402
1081, 11370, 16166, 7.231058637265449
1082, 11372, 16170, 6.814518590943553
1083, 11377, 16170, 6.817834812471564
1084, 11377, 16174, 6.824408410112135
1085, 11380, 16178, 6.825033341069149
1086, 11382, 16178, 6.863544504850674
1087, 11385, 16180, 6.785389035696215
1088, 11338, 16124, 6.80849981489092
1089, 11394, 16184, 6.746194773783471
1090, 11398, 16184, 6.7695874065614925
1091, 11399, 16188, 7.184718272791941
1092, 11401, 16192, 6.7671333187087885
1093, 11402, 16192, 6.760971302388992
1094, 11406, 16194, 6.7895981646985355
1095, 11408, 16198, 6.774438670616251
1096, 11357, 16158, 6.767559530383459
1097, 11416, 16218, 6.787885552175667
1098, 11417, 16222, 6.719304344482768
1099, 11419, 16226, 6.760554938269512
1100, 11421, 16226, 6.781905390729447
1101, 11424, 16228, 7.157718793584636
1102, 11427, 16232, 6.800767595835141
1103, 11430, 16232, 6.7431598139331905
1104, 11382, 16172, 6.777762819455527
1105, 11437, 16236, 6.753248737570583
1106, 11439, 16240, 6.757839308244221
1107, 11443, 16240, 6.757488276113716
1108, 11450, 16242, 6.748348015665889
1109, 11447, 16246, 6.736214566771059
1110, 11450, 16246, 6.721807064973366
1111, 11454, 16246, 7.131734687224575
1112, 11405, 16190, 6.7573869153325115
1113, 11463, 16254, 6.739404958981737
1114, 11468, 16254, 6.703460629929505
1115, 11469, 16256, 6.692034247246103
1116, 11469, 16260, 6.736976059951672
1117, 11472, 16260, 7.121880392394627
1118, 11481, 16280, 6.712436648817211
1119, 11482, 16284, 6.716299830301842
1120, 11424, 16228, 6.73811656962069
1121, 11489, 16288, 7.128696029503416
1122, 11491, 16290, 6.698026558553869
1123, 11493, 16294, 6.696388580177944
1124, 11496, 16294, 6.724043637608354
1125, 11499, 16298, 6.684615951512156
1126, 11501, 16302, 6.7123566375642
1127, 11504, 16302, 6.7192642567137915
1128, 11448, 16242, 6.707899395529858
1129, 11511, 16304, 6.672000691583113
1130, 11513, 16308, 6.661943444678264
1131, 11515, 16308, 7.134601004893076
1132, 11520, 16312, 6.704258708549529
1133, 11522, 16316, 6.688046674482184
1134, 11524, 16316, 6.709967921080706
1135, 11528, 16336, 6.674340107129809
1136, 11469, 16278, 6.7064126215168685
1137, 11532, 16342, 6.664899877857929
1138, 11537, 16342, 6.675365720151957
1139, 11541, 16346, 6.666769124286611
1140, 11542, 16350, 6.686298528577834
1141, 11545, 16350, 7.078985029089443
1142, 11549, 16350, 6.664626720341736
1143, 11550, 16352, 6.661457101953171
1144, 11491, 16296, 6.675732819683208
1145, 11561, 16356, 6.68396027347157
1146, 11563, 16360, 6.704617905929165
1147, 11565, 16364, 6.646553628181715
1148, 11567, 16364, 6.68386955392391
1149, 11571, 16364, 6.695077889740842
1150, 11572, 16366, 6.6548683799251425
1151, 11575, 16370, 7.071975005863524
1152, 11524, 16330, 6.662466716372554
1153, 11585, 16394, 6.637325063643605
1154, 11587, 16398, 6.6578968874209705
1155, 11590, 16398, 6.641176942711675
1156, 11593, 16400, 6.6269029730804645
1157, 11594, 16404, 6.5998734337315765
1158, 11597, 16404, 6.627621533822525
1159, 11600, 16424, 6.60955651974086
1160, 11539, 16348, 6.655981620740406
1161, 11604, 16432, 6.994979031133411
1162, 11606, 16432, 6.6115188285480855
1163, 11610, 16434, 6.565934830265456
1164, 11613, 16438, 6.597880093877884
1165, 11615, 16438, 6.58400704460319
1166, 11620, 16438, 6.585035027123012
1167, 11621, 16442, 6.574352425171395
1168, 11560, 16386, 6.583644618293364
1169, 11627, 16446, 6.611901222770067
1170, 11630, 16448, 6.57061172441775
1171, 11632, 16472, 6.964080781741651
1172, 11635, 16472, 6.624236633655171
1173, 11639, 16472, 6.569317871698735
1174, 11641, 16476, 6.584327096288683
1175, 11644, 16480, 6.6013609890263165
1176, 11584, 16400, 6.582148295021603
1177, 11650, 16482, 6.573609486418924
1178, 11652, 16486, 6.578235420764606
1179, 11654, 16486, 6.567974521825245
1180, 11662, 16486, 6.563912344830976
1181, 11664, 16490, 6.969483659806403
1182, 11669, 16494, 6.550240884012175
1183, 11674, 16494, 6.605595575430873
1184, 11610, 16436, 6.598110225901062
1185, 11678, 16520, 6.5508123752080065
1186, 11681, 16520, 6.578149682970941
1187, 11685, 16520, 6.562856952163291
1188, 11687, 16524, 6.549699823144106
1189, 11689, 16528, 6.802979411385207
1190, 11693, 16528, 6.581376885537436
1191, 11694, 16530, 6.978302658052613
1192, 11634, 16454, 6.5119962035649825
1193, 11701, 16534, 6.5695343063506995
1194, 11704, 16538, 6.541000820079857
1195, 11707, 16542, 6.551290105471433
1196, 11709, 16542, 6.5610812587650456
1197, 11713, 16542, 6.588014923865484
1198, 11714, 16544, 6.537704852829529
1199, 11717, 16548, 6.528896078399904
1200, 11655, 16468, 6.546316165133288
1201, 11723, 16552, 6.944826471856096
1202, 11725, 16556, 6.516066264639743
1203, 11728, 16556, 6.512879763281749
1204, 11731, 16556, 6.531141459577953
1205, 11733, 16578, 6.512821526038823
1206, 11735, 16582, 6.492004657320535
1207, 11738, 16582, 6.552491089735298
1208, 11676, 16506, 6.543964224230388
1209, 11744, 16590, 6.535798049633453
1210, 11747, 16590, 6.529968270002182
1211, 11753, 16590, 6.8971540825475515
1212, 11754, 16592, 6.528639912129049
1213, 11757, 16598, 6.510529828452217
1214, 11760, 16598, 6.514486754767376
1215, 11762, 16602, 6.508296157218115
1216, 11705, 16546, 6.4908004564245365
1217, 11774, 16626, 6.473731729982149
1218, 11778, 16626, 6.460685182633678
1219, 11779, 16628, 6.432139647470516
1220, 11781, 16632, 6.4776178221538006
1221, 11786, 16632, 6.868127683506079
1222, 11787, 16636, 6.456944823999879
1223, 11789, 16640, 6.469076771705891
1224, 11725, 16560, 6.46800350108106
1225, 11800, 16640, 6.446123395634383
1226, 11801, 16642, 6.463543613986931
1227, 11803, 16646, 6.512081271496834
1228, 11808, 16646, 6.441320086299575
1229, 11811, 16650, 6.480250270643492
1230, 11812, 16654, 6.426994782150517
1231, 11815, 16654, 6.855764109278007
1232, 11747, 16596, 6.4739639646064955
1233, 11820, 16660, 6.486026852890332
1234, 11822, 16660, 6.465535642279261
1235, 11827, 16660, 6.42513333617874
1236, 11828, 16664, 6.442356539040178
1237, 11830, 16668, 6.451984032515481
1238, 11833, 16668, 6.457442214073333
1239, 11836, 16670, 6.451802309073491
1240, 11772, 16614, 6.428819930402574
1241, 11842, 16694, 6.819791605108939
1242, 11843, 16714, 6.439846155027214
1243, 11844, 16718, 6.443815233894132
1244, 11847, 16722, 6.427202619434472
1245, 11852, 16722, 6.405882624629983
1246, 11855, 16724, 6.415577288901159
1247, 11858, 16728, 6.421642512240524
1248, 11792, 16648, 6.45872117711334
1249, 11863, 16728, 6.381604749241142
1250, 11863, 16732, 6.400759451639291
1251, 11866, 16736, 6.759529277972704
1252, 11870, 16736, 6.405318599981179
1253, 11873, 16738, 6.408688030748682
1254, 11875, 16742, 6.4040060755358486
1255, 11879, 16742, 6.397704554729661
1256, 11819, 16662, 6.4285352029096865
1257, 11884, 16746, 6.365685712325417
1258, 11887, 16750, 6.411199183059081
1259, 11891, 16750, 6.368015243680415
1260, 11893, 16752, 6.381044991537044
1261, 11899, 16776, 6.736154132256211
1262, 11898, 16776, 6.376080438909419
1263, 11902, 16780, 6.395696255418946
1264, 11839, 16704, 6.365431200200244
1265, 11907, 16784, 6.383521122724698
1266, 11911, 16784, 6.388406009013058
1267, 11912, 16786, 6.34005856099452
1268, 11916, 16790, 6.344587214173005
1269, 11918, 16790, 6.371668940289302
1270, 11921, 16794, 6.371429969269792
1271, 11923, 16798, 6.73198863084477
1272, 11860, 16718, 6.360443009826739
1273, 11931, 16798, 6.323028516649627
1274, 11932, 16800, 6.380933855161107
1275, 11935, 16804, 6.364267832612832
1276, 11937, 16804, 6.368175274060742
1277, 11943, 16828, 6.385510719573889
1278, 11945, 16832, 6.411263389498584
1279, 11947, 16832, 6.337866667778255
1280, 11882, 16732, 6.320268688338186
1281, 11957, 16854, 6.157506142202032
1282, 11959, 16858, 5.863724305281274
1283, 11964, 16858, 5.844272520182795
1284, 11965, 16862, 5.862772123942858
1285, 11968, 16866, 5.865079768050415
1286, 11971, 16866, 5.858380099461848
1287, 11975, 16866, 5.826274119486915
1288, 11904, 16788, 5.877714741438147
1289, 11980, 16872, 5.85069171841716
1290, 11984, 16872, 5.861947093720934
1291, 11985, 16876, 6.17187392096062
1292, 11988, 16900, 5.855562665374704
1293, 11991, 16900, 5.799341848678596
1294, 11994, 16900, 5.831150322042884
1295, 11998, 16902, 5.80753956184916
1296, 11926, 16826, 5.84447105522953
1297, 12006, 16906, 5.8429954227278
1298, 12014, 16930, 5.8148429954161935
1299, 12016, 16934, 5.828024457472079
1300, 12019, 16934, 5.828752259851905
1301, 12022, 16936, 6.134647224594347
1302, 12024, 16940, 5.844579735713216
1303, 12026, 16940, 5.793923865910388
1304, 11959, 16840, 5.81478461959295
1305, 12037, 16944, 5.874725745498681
1306, 12039, 16948, 5.8522489538490765
1307, 12041, 16948, 5.828275229938947
1308, 12044, 16950, 5.807293620427534
1309, 12046, 16954, 5.824951874096756
1310, 12050, 16954, 5.8270989085365175
1311, 12053, 16954, 6.1291423611929945
1312, 11977, 16878, 5.83658917149483
1313, 12059, 16962, 5.800432027570108
1314, 12063, 16962, 6.336855307287804
1315, 12068, 16964, 6.005520831538406
1316, 12070, 16968, 5.973623002552207
1317, 12072, 16968, 5.971004051609857
1318, 12076, 16968, 5.9858557707506534
1319, 12077, 16972, 5.9760686669924725
1320, 11997, 16896, 6.007837193119992
1321, 12085, 16976, 6.3220692031005035
1322, 12084, 16998, 5.998529498720228
1323, 12086, 17002, 5.9743201342579875
1324, 12089, 17002, 5.959015472250547
1325, 12092, 17002, 5.982649282535965
1326, 12096, 17006, 5.988949218596903
1327, 12099, 17010, 5.96017702931019
1328, 12023, 16930, 6.048049835986148
1329, 12104, 17012, 5.955912908150317
1330, 12106, 17016, 5.988887884461729
1331, 12109, 17016, 6.315119514992273
1332, 12120, 17020, 5.964270321037933
1333, 12121, 17024, 5.9659901505956805
1334, 12123, 17024, 6.003213069992087
1335, 12128, 17024, 5.9681627829349395
1336, 12043, 16946, 6.012175421244634
1337, 12133, 17030, 5.9526539279794095
1338, 12136, 17030, 5.950792422582586
1339, 12139, 17034, 5.971612911841118
1340, 12141, 17038, 5.988843359025634
1341, 12144, 17038, 6.30891145269759
1342, 12147, 17038, 5.946771099103419
1343, 12146, 17060, 5.9675183220530785
1344, 12066, 16984, 5.949835912732673
1345, 12153, 17064, 5.8976274856281625
1346, 12156, 17068, 5.910728069068858
1347, 12158, 17072, 5.906059164104546
1348, 12163, 17072, 5.903279065727932
1349, 12167, 17072, 5.920844802903499
1350, 12168, 17074, 5.8882268735043715
1351, 12170, 17078, 6.203347502429119
1352, 12089, 16998, 5.896079449033361
1353, 12176, 17082, 5.8445626049293615
1354, 12178, 17086, 6.113174744536407
1355, 12182, 17086, 5.878887721556974
1356, 12186, 17086, 5.935000002195712
1357, 12187, 17088, 5.883003812555951
1358, 12188, 17092, 5.8908441657598445
1359, 12193, 17092, 5.893462643598103
1360, 12109, 17016, 5.874892871853485
1361, 12196, 17100, 6.188071673174492
1362, 12199, 17100, 5.910293814956965
1363, 12202, 17100, 5.881754386830227
1364, 12203, 17102, 5.892051219240101
1365, 12205, 17106, 5.902482122806267
1366, 12208, 17166, 5.882235944585467
1367, 12209, 17170, 5.912119145651681
1368, 12128, 17094, 5.89108525156936
1369, 12217, 17174, 5.89110836260649
1370, 12220, 17176, 5.868812647685527
1371, 12222, 17180, 6.195312967555581
1372, 12226, 17180, 5.8751746530956135
1373, 12227, 17180, 5.89376020240822
1374, 12229, 17184, 5.8575658956091425
1375, 12231, 17188, 5.865961126657835
1376, 12151, 17108, 5.864278120180591
1377, 12241, 17190, 5.84043841455205
1378, 12243, 17194, 5.8526583864990105
1379, 12246, 17194, 5.827744947004261
1380, 12250, 17194, 5.859234607991153
1381, 12251, 17218, 6.186543633089165
1382, 12254, 17222, 5.849126310831895
1383, 12258, 17222, 5.881590851483114
1384, 12173, 17124, 5.85672174373651
1385, 12263, 17228, 5.85002398256153
1386, 12266, 17228, 5.870143551010049
1387, 12270, 17228, 5.870646160101236
1388, 12272, 17232, 5.842971564930627
1389, 12274, 17236, 5.845494834008793
1390, 12287, 17236, 5.858000617322033
1391, 12288, 17238, 6.13991898838252
1392, 12203, 17162, 5.8865307831882925
1393, 12295, 17262, 5.863613498320454
1394, 12298, 17262, 5.850510207492734
1395, 12300, 17266, 5.848994116711352
1396, 12302, 17270, 5.828045959387847
1397, 12302, 17290, 5.8465307743753385
1398, 12303, 17292, 5.837493644664239
1399, 12306, 17296, 5.828270482375582
1400, 12226, 17176, 5.861280458128416
1401, 12312, 17300, 6.163216987774127
1402, 12315, 17304, 5.864687823933064
1403, 12318, 17304, 5.831432116269636
1404, 12322, 17304, 5.8729690823572716
1405, 12323, 17306, 5.845589786948391
1406, 12326, 17310, 5.8711667090466735
1407, 12329, 17310, 5.833865401272081
1408, 12250, 17194, 5.851406896632012
1409, 12336, 17318, 5.744597007893301
1410, 12339, 17318, 5.773381601949097
1411, 12344, 17318, 6.0376493561642715
1412, 12344, 17320, 5.724138687240561
1413, 12347, 17324, 5.755198328593436
1414, 12350, 17324, 5.750896606490706
1415, 12353, 17328, 5.750822649959068
1416, 12270, 18034, 5.789892855284733
1417, 12358, 17332, 5.7592114259973
1418, 12363, 17332, 5.753245715732803
1419, 12365, 17334, 5.725285120901203
1420, 12367, 17338, 5.717511315645835
1421, 12372, 17338, 6.025634311237772
1422, 12373, 17342, 5.707907130401485
1423, 12375, 17346, 5.700951716121
1424, 12291, 17246, 5.75966767138417
1425, 12381, 17366, 5.722842194463822
1426, 12382, 17368, 5.715095693874325
1427, 12384, 17372, 5.7450273332599355
1428, 12390, 17372, 5.714349821247482
1429, 12390, 17376, 5.723574934265959
1430, 12392, 17380, 5.712437968986771
1431, 12396, 17380, 6.022123881318307
1432, 12313, 18090, 5.72738599654713
1433, 12403, 17382, 5.714880879779604
1434, 12407, 17386, 5.72498762372859
1435, 12412, 17386, 5.729827676237749
1436, 12413, 17390, 5.71298772355119
1437, 12415, 17394, 5.6933328109697845
1438, 12419, 17394, 5.704914911113459
1439, 12423, 17396, 5.691258702829004
1440, 12334, 17300, 5.750461867243767
1441, 12428, 17400, 5.996517986549263
1442, 12451, 17400, 5.702664716938583
1443, 12451, 17404, 5.68946658696833
1444, 12453, 17408, 5.688275928120772
1445, 12456, 17408, 5.685915241847278
1446, 12460, 17410, 5.718497815792396
1447, 12462, 17414, 5.698412841932811
1448, 12363, 17314, 5.726795719353205
1449, 12469, 17414, 5.688054613637248
1450, 12469, 17418, 5.688715150048595
1451, 12474, 17422, 5.972272919365429
1452, 12477, 17422, 5.672932545612177
1453, 12480, 17424, 5.670762231132572
1454, 12482, 17428, 5.668370885327847
1455, 12484, 17428, 5.661091947563321
1456, 12385, 17328, 5.696377981371245
1457, 12472, 17452, 5.694760470666449
1458, 12475, 17456, 5.676623457961468
1459, 12480, 17456, 5.6798091084411615
1460, 12481, 17458, 5.695749536673827
1461, 12483, 17462, 5.967141840944658
1462, 12487, 17462, 5.67885287885385
1463, 12509, 17462, 5.678565754632274
1464, 12399, 17406, 5.679543103214407
1465, 12512, 17470, 5.678885755501877
1466, 12517, 17470, 5.694143045272661
1467, 12517, 17472, 5.655010853490203
1468, 12515, 17476, 5.670223480378041
1469, 12517, 17476, 5.655874385506581
1470, 12522, 17476, 5.6529543220057965
1471, 12523, 17480, 5.940498904008406
1472, 12421, 17424, 5.699187404802553
1473, 12532, 17504, 5.624576878674408
1474, 12533, 17506, 5.626058995563207
1475, 12536, 17510, 5.607932990735682
1476, 12538, 17510, 5.618690731060974
1477, 12541, 17514, 5.608517120308557
1478, 12543, 17518, 5.613941704272233
1479, 12546, 17518, 5.62651546897437
1480, 12446, 17438, 5.640114739772544
1481, 12552, 17520, 5.88618980238516
1482, 12555, 17524, 5.588856987304014
1483, 12557, 17524, 5.600517973299622
1484, 12560, 17528, 5.60349690799462
1485, 12562, 17534, 5.600956384261876
1486, 12564, 17534, 5.593293316865432
1487, 12569, 17534, 5.613271217375854
1488, 12467, 17476, 5.643467688448191
1489, 12573, 17540, 5.578719899817258
1490, 12576, 17560, 5.586839556803824
1491, 12576, 17564, 5.82392523913992
1492, 12578, 17568, 5.581620359667339
1493, 12581, 17568, 5.572049802798567
1494, 12585, 17568, 5.5915397372737745
1495, 12587, 17570, 5.641255755123818
1496, 12487, 17514, 5.629333762817415
1497, 12608, 17574, 5.589100954061228
1498, 12608, 17578, 5.588215841493729
1499, 12610, 17582, 5.583179097787004
1500, 12613, 17582, 5.590950657941458
1501, 12617, 17582, 5.827729031630576
1502, 12623, 17584, 5.574238441749728
1503, 12625, 17588, 5.562557290288049
1504, 12531, 17528, 5.64286369073488
1505, 12639, 17592, 5.565317207317908
1506, 12641, 17596, 5.5747683042856915
1507, 12643, 17596, 5.558282843293429
1508, 12648, 17598, 5.572816945824129
1509, 12647, 18478, 5.549558911256426
1510, 12649, 18478, 5.577868510407176
1511, 12654, 18478, 5.830466636963446
1512, 12550, 17546, 5.567197319832228
1513, 12658, 18488, 5.552787027618075
1514, 12660, 17630, 5.556545305978653
1515, 12664, 17632, 5.546830786405308
1516, 12665, 17636, 5.541352533969337
1517, 12667, 17636, 5.536571239736833
1518, 12677, 17676, 5.561926996276862
1519, 12678, 17680, 5.506537027856234
1520, 12571, 17584, 5.594489570068334
1521, 12684, 17684, 5.8319571983989915
1522, 12687, 17686, 5.564633335697016
1523, 12688, 17690, 5.543258169248663
1524, 12690, 17690, 5.566381539913284
1525, 12693, 17710, 5.528144152365854
1526, 12694, 17714, 5.552532786857557
1527, 12696, 17718, 5.550766925164359
1528, 12594, 17598, 5.593686351803142
1529, 12702, 17720, 5.550885475615108
1530, 12704, 17724, 5.546559891902224
1531, 12706, 17724, 5.820933858471198
1532, 12711, 17724, 5.548329910713878
1533, 12711, 17728, 5.5340056711871615
1534, 12714, 17732, 5.535528855993069
1535, 12719, 17732, 5.540544814914959
1536, 12617, 17614, 5.570708257076702
1537, 12727, 17758, 5.336932157303697
1538, 12729, 17758, 5.352689973364788
1539, 12734, 17758, 5.342124234013284
1540, 12735, 17762, 5.348288307714333
1541, 12737, 17766, 5.612032481598979
1542, 12742, 17766, 5.347462067407096
1543, 12742, 17768, 5.365042006487726
1544, 12637, 17672, 5.510913491870218
1545, 12747, 17772, 5.349367930553414
1546, 12751, 17776, 5.345088693847042
1547, 12752, 17780, 5.3524970634599365
1548, 12754, 17780, 5.33944993595811
1549, 12759, 17780, 5.3448061443107315
1550, 12760, 17782, 5.342890856436808
1551, 12762, 17786, 5.607224389533755
1552, 12657, 17686, 5.526247386347043
1553, 12769, 17790, 5.348956493460947
1554, 12771, 17794, 5.327318690115751
1555, 12773, 17794, 5.336975478527367
1556, 12778, 17794, 5.347822017214618
1557, 12778, 17796, 5.320319311495796
1558, 12780, 17800, 5.325495420465432
1559, 12786, 17820, 5.345360232604272
1560, 12678, 17704, 5.483636211502458
1561, 12787, 17828, 5.591920700205982
1562, 12789, 17828, 5.3161140539501055
1563, 12794, 17828, 5.335953519249492
1564, 12795, 17830, 5.334394995103278
1565, 12797, 17834, 5.327981179387772
1566, 12803, 17834, 5.332913135883499
1567, 12803, 17838, 5.332529941739496
1568, 12698, 17722, 5.475485466994772
1569, 12810, 17862, 5.324057418055635
1570, 12814, 17862, 5.287584475522427
1571, 12815, 17864, 5.561049706125956
1572, 12818, 17868, 5.302111209853071
1573, 12823, 17868, 5.293230716407343
1574, 12824, 17872, 5.300812626896007
1575, 12826, 17876, 5.318120168142657
1576, 12717, 18710, 5.449981407709902
1577, 12833, 17938, 5.319487265989329
1578, 12835, 17942, 5.31003245570437
1579, 12838, 17942, 5.323346978674894
1580, 12843, 17942, 5.309864860711821
1581, 12844, 18862, 5.563498164250943
1582, 12846, 18868, 5.298010134335369
1583, 12850, 18868, 5.319732245642851
1584, 12743, 17832, 5.454516412341167
1585, 12857, 18876, 5.301188041467483
1586, 12859, 18876, 5.309486130362432
1587, 12864, 18876, 5.301007142762198
1588, 12865, 18880, 5.295621421988937
1589, 12868, 18886, 5.305111935697767
1590, 12870, 18886, 5.297549108400252
1591, 12874, 18888, 5.545040742560193
1592, 12765, 17850, 5.463535968456393
1593, 12879, 17990, 5.2969682099991635
1594, 12884, 17990, 5.313433928560274
1595, 12885, 17994, 5.307846438906829
1596, 12887, 17998, 5.29394857696001
1597, 12893, 17998, 5.327122238534297
1598, 12894, 18000, 5.306736740914848
1599, 12896, 18004, 5.289468590571812
1600, 12788, 17864, 5.389305574066145
1601, 12906, 18004, 5.5007710859479655
1602, 12906, 18008, 5.248741396210907
1603, 12909, 18012, 5.237024239405413
1604, 12915, 18012, 5.2454998106166215
1605, 12915, 18014, 5.248481170055578
1605, 12915, 18014, 5.499626756381381
1606, 12917, 18018, 5.270927468400929
1607, 12920, 18018, 5.262115299573086
1608, 12811, 18810, 5.316975026331383
1609, 12926, 18022, 5.255282920734564
1610, 12929, 18026, 5.248692700929525
1611, 12935, 18026, 5.500674069316965
1612, 12935, 18028, 5.267464300300528
1613, 12938, 18032, 5.257937645567738
1614, 12940, 18032, 5.2271193339805775
1615, 12944, 18036, 5.262268055455871
1616, 12831, 17920, 5.310582835110247
1617, 12954, 18978, 5.2495451121044026
1618, 12959, 18978, 5.231471558596376
1619, 12960, 18062, 5.2508891903352755
1620, 12962, 18066, 5.253627971742363
1621, 12965, 18066, 5.49193127135726
1622, 12981, 18070, 5.239204201431607
1623, 12983, 18074, 5.225267694690113
1624, 12868, 17934, 5.304862979414606
1625, 12991, 19016, 5.241375137939921
1626, 12992, 19018, 5.240093715686349
1627, 12995, 19024, 5.234967752403533
1628, 12997, 19024, 5.243752451916569
1629, 13000, 19028, 5.230201945396411
1630, 13002, 19034, 5.202189905644916
1631, 13005, 19034, 5.477941787767636
1632, 12892, 17948, 5.314717571282034
1633, 13012, 19036, 5.221366843310981
1634, 13014, 19042, 5.207827950761236
1635, 13018, 18114, 5.211450237805044
1636, 13019, 18118, 5.202208817538093
1637, 13021, 18122, 5.216281461341522
1638, 13024, 18122, 5.215433556107812
1639, 13030, 18122, 5.18507291830208
1640, 12911, 17984, 5.254369857396787
1641, 13034, 18128, 5.4504297818368475
1642, 13039, 18128, 5.188811908941769
1643, 13040, 18132, 5.193535148034015
1644, 13042, 18136, 5.224175200980833
1645, 13045, 18136, 5.223327868015429
1646, 13049, 19092, 5.213511748989142
1647, 13050, 19098, 5.195590052865802
1648, 12932, 18002, 5.276535197082911
1649, 13058, 19098, 5.182128478296249
1650, 13059, 19102, 5.208767958254082
1651, 13061, 19108, 5.437635234195081
1652, 13063, 18170, 5.203506501751317
1653, 13067, 18172, 5.209432747228613
1654, 13069, 18176, 5.186987084090512
1655, 13072, 18176, 5.205277924859441
1656, 12957, 18976, 5.256004378865174
1657, 13078, 18180, 5.206825649991629
1658, 13081, 18184, 5.2122716089769225
1659, 13083, 18184, 5.196629549028342
1660, 13087, 18186, 5.206240632733292
1661, 13085, 18190, 5.449118080172917
1662, 13088, 18190, 5.191099011118362
1663, 13093, 18190, 5.19077181070577
1664, 12976, 18054, 5.208264571591063
1665, 13098, 18198, 5.026315561109734
1666, 13103, 18198, 5.031585923037944
1667, 13104, 18200, 5.031654609595796
1668, 13106, 18204, 5.0158815251403945
1669, 13109, 18204, 5.007966439760106
1670, 13113, 18204, 5.01850667647856
1671, 13114, 18208, 5.233813095598053
1672, 12995, 18072, 5.117898276889592
1673, 13123, 18212, 5.008707179215467
1674, 13125, 18214, 4.998286481166888
1675, 13127, 18218, 4.9980585059926455
1676, 13132, 18218, 5.018645201815569
1677, 13137, 18218, 4.997413921176528
1678, 13138, 18222, 4.9993268048045065
1679, 13140, 18226, 5.007658618912547
1680, 13022, 18086, 5.1303802695825205
1681, 13150, 19202, 5.221158181565316
1682, 13152, 19208, 5.0109767478956835
1683, 13155, 19208, 4.997583521832655
1684, 13158, 19212, 4.999214410911345
1685, 13160, 19218, 4.959015682312014
1686, 13162, 19218, 4.9923863683984075
1687, 13167, 19218, 4.996527708886373
1688, 13040, 18102, 5.1168002767665826
1689, 13169, 18266, 4.990032882944937
1690, 13172, 18266, 4.993405377893617
1691, 13177, 18270, 5.2134619175393535
1692, 13193, 18274, 5.00359287595238
1693, 13196, 18274, 4.9930739287216115
1694, 13200, 18274, 4.991966957384663
1695, 13201, 18276, 4.983293374608539
1696, 13069, 19104, 5.100041040224619
1697, 13206, 18280, 4.983792805020586
1698, 13210, 18284, 4.95379771776746
1699, 13212, 18288, 4.963898829602014
1700, 13212, 18288, 4.986860391190035
1701, 13216, 18288, 5.1954753186891915
1702, 13217, 18290, 4.963072659722149
1703, 13220, 18294, 4.970588789373439
1704, 13098, 18154, 5.096108345434174
1705, 13227, 18298, 5.185574484590164
1706, 13228, 18302, 4.954380245338625
1707, 13222, 18382, 4.955303651575649
1708, 13227, 18382, 4.962071254529041
1709, 13228, 18384, 4.951480868920159
1710, 13230, 18388, 4.9645088608260375
1711, 13236, 18388, 5.1746991014384225
1712, 13117, 18252, 5.099571704086292
1713, 13249, 18396, 4.968727463814039
1714, 13251, 18396, 4.9602731414719266
1715, 13256, 18396, 4.943060176438682
1716, 13257, 18398, 4.9840323466175915
1717, 13259, 18402, 4.953941571381158
1718, 13265, 18402, 4.95771117126231
1719, 13266, 18406, 4.929965126022031
1720, 13137, 18270, 5.080293314656348
1721, 13271, 18410, 5.170111351279621
1722, 13275, 18412, 4.9463636232397095
1723, 13277, 18416, 4.957703290495848
1724, 13279, 18416, 4.947485877364235
1725, 13293, 18438, 4.9459261665852745
1726, 13293, 18442, 4.951640512512564
1727, 13295, 18446, 4.948651323159524
1728, 13158, 18306, 5.045671244330326
1729, 13301, 18448, 4.916606173206839
1730, 13303, 18452, 4.902681652217703
1731, 13306, 18452, 5.126842753655075
1732, 13311, 18452, 4.907499377256814
1733, 13311, 18456, 4.891667153950672
1734, 13313, 18460, 4.906545208496317
1735, 13319, 18460, 4.913165113134447
1736, 13180, 18322, 5.019109286354493
1737, 13322, 18486, 4.898096840757994
1738, 13325, 18486, 4.899034111280801
1739, 13329, 18486, 4.893642857231943
1740, 13330, 18490, 4.894950701914497
1741, 13333, 18494, 5.114068517480021
1742, 13338, 18494, 4.89404472697317
1743, 13338, 18496, 4.880946459224824
1744, 13199, 18340, 5.022548379702837
1745, 13354, 18500, 4.905004672937899
1746, 13359, 18500, 4.882330616668571
1747, 13359, 18504, 4.882014728466895
1748, 13362, 18508, 4.900429337643939
1749, 13367, 18508, 4.8993545739583135
1750, 13368, 18510, 4.898034118975677
1751, 13370, 18514, 5.17040694078076
1752, 13220, 18354, 5.004385236253338
1753, 13376, 18518, 4.949426779542062
1754, 13378, 18522, 4.955897437234677
1755, 13380, 18522, 4.9493689794233955
1756, 13385, 18522, 4.9560908874327385
1757, 13386, 18524, 4.940556287129879
1758, 13387, 18528, 4.937468421526282
1759, 13390, 18528, 4.956547514020855
1760, 13243, 18392, 5.005983277475939
1761, 13395, 18536, 5.144039933390217
1761, 13395, 18536, 5.146816228022646
1762, 13398, 18536, 4.947517874503895
1763, 13403, 18536, 4.9272377515412655
1764, 13403, 18538, 4.937452187197003
1765, 13406, 18542, 4.932234678947876
1766, 13408, 18542, 4.916506013134227
1767, 13412, 18546, 4.936980836927788
1768, 13263, 18410, 4.975011445181761
1769, 13429, 18550, 4.9248950246925345
1770, 13435, 18550, 4.913528711920347
1771, 13435, 18572, 5.136842941005929
1772, 13436, 18576, 4.919162231453616
1773, 13442, 18576, 4.908128896250589
1774, 13443, 18580, 4.910037846524825
1775, 13444, 18584, 4.920584076054015
1776, 13301, 18424, 4.952759515972129
1777, 13451, 18584, 4.90424900486555
1778, 13451, 18586, 4.904942169702747
1779, 13454, 18590, 4.904483927231679
1780, 13460, 18590, 4.90470522570146
1781, 13460, 18614, 5.126875816203363
1782, 13462, 18618, 4.91752867238694
1783, 13464, 18618, 4.91387727743114
1784, 13318, 18518, 4.966624364445882
1785, 13473, 18660, 4.8977524824718905
1786, 13475, 18664, 4.909944097960547
1787, 13481, 18664, 4.926255142939579
1788, 13482, 18668, 4.942860310212245
1789, 13483, 18672, 4.936904892220995
1790, 13486, 18672, 4.928883161242577
1791, 13489, 18674, 5.149095658941946
1792, 13347, 18558, 4.948875417370642
1793, 13499, 18678, 4.751025757914453
1794, 13504, 18678, 4.755323078823699
1795, 13505, 18682, 4.732944224949104
1796, 13507, 18686, 4.738571594808059
1797, 13509, 18686, 4.765708132366955
1798, 13513, 18688, 4.740978553329532
1799, 13514, 18692, 4.748833101386442
1800, 13369, 18572, 4.84619724042645
1801, 13522, 18692, 4.943965903553357
1802, 13523, 18696, 4.732734287238088
1803, 13525, 18700, 4.745591881367943
1804, 13531, 18700, 4.7498100034074815
1805, 13533, 18702, 4.730488383072017
1806, 13535, 18706, 4.729407237009119
1807, 13537, 18706, 4.727445772362463
1808, 13392, 18586, 4.8743067722250455
1809, 13543, 18710, 4.725182305450371
1810, 13545, 18714, 4.744202184953451
1811, 13551, 18714, 4.936486536888031
1812, 13551, 18736, 4.728588337655034
1813, 13553, 18740, 4.721820402231307
1814, 13555, 18740, 4.7441955234789965
1815, 13560, 18740, 4.7285339260139505
1816, 13411, 18604, 4.85238340010432
1817, 13564, 18748, 4.732401003339784
1818, 13569, 18748, 4.746412976912111
1819, 13568, 18750, 4.719195731591869
1820, 13570, 18754, 4.7200251176263395
1821, 13572, 18754, 4.90030713230539
1822, 13576, 18758, 4.725664935299456
1823, 13577, 18762, 4.71534983114498
1824, 13431, 18622, 4.8700948139447595
1825, 13585, 18762, 4.713028716525279
1826, 13586, 18764, 4.709519415341135
1827, 13588, 18768, 4.706556341377938
1828, 13591, 18768, 4.697325708233901
1829, 13594, 18772, 4.687539515707665
1830, 13596, 18776, 4.700485325312644
1831, 13598, 18776, 4.902815042771064
1832, 13455, 18656, 4.846034669907588
1833, 13606, 18778, 4.696047712086804
1834, 13609, 18802, 4.704512246525091
1835, 13612, 18802, 4.708178280809981
1836, 13615, 18806, 4.689545018794257
1837, 13617, 18810, 4.705274410347588
1838, 13618, 18810, 4.684238521547568
1839, 13623, 18810, 4.697786878851102
1840, 13474, 18672, 4.873567757499139
1841, 13626, 18816, 4.890069692091382
1842, 13633, 18816, 4.692872509930339
1843, 13632, 18820, 4.70230122198162
1844, 13634, 18844, 4.683434106155998
1845, 13637, 18844, 4.687320942412089
1846, 13641, 18844, 4.694242257228656
1847, 13642, 18846, 4.685459018899183
1848, 13495, 18690, 4.826972640883248
1849, 13651, 18850, 4.693216184677054
1850, 13650, 18854, 4.690078445714867
1851, 13652, 18858, 4.883707716024945
1852, 13654, 18858, 4.687846636596469
1853, 13659, 18858, 4.69610174126473
1854, 13659, 18860, 4.692478015995612
1855, 13662, 18864, 4.685402707572495
1856, 13520, 18724, 4.812302548318542
1857, 13670, 18868, 4.638347567446427
1858, 13672, 18872, 4.623359581000254
1859, 13674, 18872, 4.63829291343579
1860, 13678, 18874, 4.633237598276228
1861, 13680, 18878, 4.815736044608507
1862, 13683, 18978, 4.6347860778261145
1863, 13688, 18978, 4.7129145833842685
1864, 13535, 18798, 4.761749542282568
1865, 13692, 18990, 4.620690307521869
1866, 13695, 18990, 4.606733055331934
1867, 13698, 18992, 4.615798155188275
1868, 13700, 18996, 4.607344489814471
1869, 13704, 18996, 4.611224876017818
1870, 13709, 18996, 4.605071276396618
1871, 13709, 19000, 4.803770449131002
1872, 13558, 18816, 4.759193148566987
1873, 13715, 19012, 4.60333682723475
1874, 13719, 19014, 4.625974585187678
1875, 13721, 19018, 4.613085816041457
1876, 13723, 19018, 4.6187537749213154
1877, 13728, 19018, 4.613360860943532
1878, 13751, 19022, 4.6261646011898545
1879, 13755, 19026, 4.612087566663696
1880, 13603, 18838, 4.752080608473519
1881, 13760, 19028, 4.801441662326474
1882, 13762, 19032, 4.598224051173262
1883, 13765, 19032, 4.610550020288573
1884, 13770, 19032, 4.605255394330252
1885, 13771, 19036, 4.610463864120003
1886, 13774, 19040, 4.605002758992755
1887, 13779, 19040, 4.606103293958636
1888, 13623, 18858, 4.735395059500182
1889, 13782, 19054, 4.580187997543372
1890, 13785, 19054, 4.590594511099718
1891, 13789, 19058, 4.774307822446429
1892, 13791, 19062, 4.584878408471274
1893, 13794, 19062, 4.5775529949420095
1894, 13799, 19062, 4.597045444736238
1895, 13799, 19064, 4.581838594203079
1896, 13643, 18876, 4.711691058247761
1897, 13807, 19072, 4.583042224526568
1898, 13812, 19076, 4.5940446572711355
1899, 13813, 19080, 4.581105711523418
1900, 13816, 19080, 4.578637172522113
1901, 13820, 19080, 4.769532290647075
1902, 13821, 19082, 4.56836263528539
1903, 13823, 19086, 4.57752388155043
1904, 13665, 18898, 4.69984401834161
1905, 13830, 19090, 4.562661166632607
1906, 13832, 19094, 4.594381644625298
1907, 13834, 19094, 4.5766265438495175
1908, 13839, 19094, 4.5748573568338475
1909, 13840, 19096, 4.557464284259708
1910, 13843, 19100, 4.564657827650404
1911, 13848, 19100, 4.748316811174963
1912, 13687, 18920, 4.705298800755294
1913, 13856, 19116, 4.559161939045785
1914, 13858, 19116, 4.582354185716671
1915, 13863, 19116, 4.564427953997281
1916, 13864, 19118, 4.588998023296534
1917, 13866, 19122, 4.581208718542818
1918, 13872, 19122, 4.566313018856478
1919, 13873, 19126, 4.562069746682569
1920, 13708, 18938, 4.670214296870885
1921, 13879, 19134, 4.588909381324214
1922, 13883, 19134, 4.419055646361662
1923, 13884, 19136, 4.400956847292807
1924, 13887, 19140, 4.4162804162764955
1925, 13892, 19140, 4.406700745783649
1926, 13891, 19144, 4.412200682868302
1927, 13893, 19148, 4.414524054719349
1928, 13731, 18964, 4.278212432922339
1929, 13900, 19150, 4.416420722595566
1930, 13902, 19154, 4.398289381590935
1931, 13904, 19154, 4.570338016150544
1932, 13909, 19154, 4.396637404985625
1933, 13910, 19158, 4.397692262888067
1934, 13917, 19170, 4.396284785857036
1935, 13920, 19170, 4.400896179903452
1936, 13757, 18992, 4.273981628826051
1937, 13926, 19176, 4.393444126962077
1938, 13928, 19176, 4.392248874185486
1939, 13934, 19176, 4.396505821696741
1940, 13934, 19180, 4.3901553392234325
1941, 13937, 19184, 4.572302215443252
1942, 13939, 19184, 4.401033121790829
1943, 13941, 19190, 4.3921397568815985
1944, 13774, 19006, 4.264896567993428
1945, 13949, 19194, 4.419207207524046
1946, 13963, 19194, 4.399767848458361
1947, 13963, 19198, 4.4082027668341155
1948, 13966, 19202, 4.4189291392842325
1949, 13969, 19202, 4.404667901262286
1950, 13969, 19204, 4.401515989557352
1951, 13971, 19208, 4.5843850562125565
1952, 13806, 19032, 4.308310512789434
1953, 13980, 19208, 4.391667664979608
1954, 13980, 19212, 4.408590376148814
1955, 13984, 19216, 4.4014108707974895
1956, 13990, 19216, 4.398317373023728
1956, 13990, 19216, 4.566518909231237
1957, 13990, 19218, 4.392176551645643
1958, 13996, 19230, 4.392171317870045
1959, 13999, 19230, 4.400848411482536
1960, 13830, 19046, 4.271971385984358
1961, 14006, 19234, 4.5487703828770165
1962, 14008, 19238, 4.391447749527197
1963, 14013, 19238, 4.412114418213944
1964, 14014, 19240, 4.388066648496516
1965, 14016, 19244, 4.3969352445610275
1966, 14017, 19248, 4.383979282400237
1967, 14021, 19252, 4.377127562144797
1968, 13848, 19068, 4.265111618211779
1969, 14025, 19256, 4.3868037559190025
1970, 14030, 19256, 4.373701942378228
1971, 14031, 19258, 4.385893120416863
1972, 14033, 19262, 4.3722112351135305
1973, 14034, 19262, 4.376143160522398
1974, 14041, 19266, 4.376271638309696
1975, 14043, 19270, 4.389791084821928
1976, 13870, 19094, 4.393762801614924
1977, 14051, 19270, 4.38216783740816
1978, 14052, 19272, 4.3874824307457745
1979, 14054, 19276, 4.3759411696478345
1980, 14060, 19276, 4.385726915279426
1981, 14062, 19288, 4.381218883699687
1982, 14065, 19292, 4.385520718232094
1983, 14067, 19292, 4.366313254472144
1984, 13892, 19104, 4.347837848619306
1985, 14074, 19302, 4.303577471163316
1986, 14076, 19306, 4.307211306366223
1987, 14083, 19306, 4.294773866493644
1988, 14082, 19310, 4.296385831043113
1989, 14084, 19314, 4.303252713483811
1990, 14087, 19314, 4.303636703235575
1991, 14091, 19314, 4.299917080603762
1992, 13911, 19132, 4.334351067894353
1993, 14094, 19324, 4.306213886481891
1994, 14099, 19324, 4.290150851927866
1995, 14099, 19328, 4.301617489840514
1996, 14101, 19332, 4.303277529148306
1997, 14104, 19332, 4.297069149586349
1998, 14108, 19334, 4.287303447186112
1999, 14109, 19338, 4.309242035294565
2000, 13931, 19150, 4.328852959886827
2001, 14116, 19338, 4.285757181353992
2002, 14116, 19342, 4.293999867898452
2003, 14118, 19346, 4.294962367160428
2004, 14121, 19346, 4.304387066527909
2005, 14125, 19348, 4.287212930593536
2006, 14127, 19352, 4.286123102673655
2007, 14129, 19352, 4.281834139373798
2008, 13954, 19172, 4.321610754717779
2009, 14135, 19356, 4.290628158295652
2010, 14139, 19368, 4.294809957858647
2011, 14142, 19368, 4.298572699245869
2012, 14145, 19370, 4.302344474442192
2013, 14148, 19374, 4.290863369863316
2014, 14150, 19374, 4.298430970490247
2015, 14154, 19374, 4.279057070081728
2016, 13972, 19194, 4.327786824430067
2017, 14158, 19382, 4.266095772039643
2018, 14163, 19382, 4.277317439395259
2019, 14163, 19384, 4.278689043011275
2020, 14165, 19388, 4.281995427321154
2021, 14167, 19388, 4.277994103614943
2022, 14171, 19388, 4.2694609403842865
2023, 14172, 19392, 4.268177168903818
2024, 13993, 19212, 4.307635056081856
2025, 14181, 19396, 4.2680438771083615
2026, 14181, 19398, 4.268810793181586
2027, 14183, 19402, 4.246940878136093
2028, 14186, 19410, 4.270103490530087
2029, 14191, 19410, 4.255964412406952
2030, 14191, 19414, 4.259571803038306
2031, 14194, 19418, 4.2600812707127
2032, 14015, 19222, 4.301108685947162
2033, 14200, 19420, 4.263625253851448
2034, 14202, 19424, 4.262533043573397
2035, 14205, 19424, 4.264312093917308
2036, 14208, 19428, 4.259481260337711
2037, 14209, 19436, 4.250897369339358
2038, 14212, 19436, 4.25472431296601
2039, 14217, 19436, 4.260595038962427
2040, 14035, 19250, 4.313005954996028
2041, 14220, 19442, 4.2597511098273255
2042, 14223, 19442, 4.271777396775935
2043, 14226, 19446, 4.267964355294473
2044, 14228, 19450, 4.256404650302769
2045, 14230, 19450, 4.266366310656826
2046, 14235, 19450, 4.265758694221004
2047, 14236, 18264, 4.270560002977302
2048, 14105, 18080, 4.4314861547863424
