1, 10896, 13046, 7.111518555165963
2, 10896, 13046, 9.186950168112341
3, 10896, 13048, 9.219742337998607
4, 10896, 13048, 9.095284644667213
5, 10896, 13050, 8.810222727634885
6, 10896, 13050, 8.97903132615182
7, 10896, 13052, 8.92948475029486
8, 10896, 13052, 8.77311739946909
9, 10896, 13054, 8.799771560811335
10, 10896, 13054, 8.8958109432353
11, 10896, 13056, 8.777900628400056
12, 10896, 13056, 8.883526410738044
13, 10896, 13058, 8.804501055079553
14, 10896, 13058, 8.824135692611002
15, 10896, 13060, 8.817667810146448
16, 10896, 13062, 8.62854033337067
17, 10896, 13062, 8.6488402707848
18, 10896, 13064, 8.63755852028425
19, 10896, 13064, 8.641492640635558
20, 10896, 13066, 8.666807129458075
21, 10896, 13066, 8.745872676697669
22, 10896, 13068, 8.822979080654852
23, 10896, 13068, 8.804743240023013
24, 10896, 13070, 8.799075146248178
25, 10896, 13070, 8.789923791639287
26, 10896, 13072, 8.856812070010536
27, 10896, 13074, 8.82817949577363
28, 10896, 13074, 8.89621042877188
29, 10896, 13076, 8.719439156452216
30, 10896, 13076, 8.917727524832905
31, 10896, 13078, 8.718842268460753
32, 10896, 13078, 8.754500223694068
33, 10896, 13084, 8.686942777146282
34, 10896, 13084, 8.675253946003728
35, 10896, 13086, 8.627096649729488
36, 10896, 13086, 8.790487252527553
37, 10896, 13088, 8.715661702693271
38, 10896, 13090, 8.724563878737452
39, 10896, 13090, 8.729561806697275
40, 10896, 13092, 8.831413873490776
41, 10896, 13092, 8.792002666336868
42, 10896, 13094, 8.823672883423388
43, 10896, 13096, 8.710348448121985
44, 10896, 13096, 8.832901739147863
45, 10896, 13098, 8.818801930213796
46, 10896, 13098, 8.817606445565161
47, 10896, 13100, 8.766327909519338
48, 10896, 13102, 8.779409170528453
49, 10896, 13102, 8.758031429741163
50, 10896, 13104, 8.752119748837133
51, 10896, 13104, 8.803199857799537
52, 10896, 13106, 8.722501757984578
53, 10896, 13108, 8.89585388295632
54, 10896, 13108, 8.868967811289137
55, 10896, 13110, 8.80448639694479
56, 10896, 13110, 8.560368547876802
57, 10896, 13112, 8.854059173899415
58, 10896, 13114, 8.916840395096497
59, 10896, 13114, 8.658406329761245
60, 10896, 13116, 8.848022338353221
61, 10896, 13118, 8.803028475073754
62, 10896, 13118, 8.701830695964365
63, 10896, 13120, 8.740777544126315
64, 10896, 13120, 8.47791375885204
65, 10896, 13122, 8.589350601460238
66, 10896, 13124, 8.576846111890868
67, 10896, 13124, 8.670173375217672
68, 10896, 13126, 8.622016695130316
69, 10896, 13126, 8.743254921021984
70, 10896, 13128, 8.665518529141506
71, 10896, 13130, 8.759590554506289
72, 10896, 13130, 8.76177438823619
73, 10896, 13132, 8.690888489733718
74, 10896, 13132, 8.734350957789257
75, 10896, 13134, 8.697400507622634
76, 10896, 13136, 8.809239463859178
77, 10896, 13136, 8.652760671256344
78, 10896, 13138, 8.638900173694465
79, 10896, 13138, 8.66555989176565
80, 10896, 13140, 8.573952611878672
81, 10896, 13142, 8.767690275421295
82, 10896, 13142, 8.750687930219426
83, 10896, 13144, 8.766896563653885
84, 10896, 13146, 8.83043677242347
85, 10896, 13146, 8.851855512115929
86, 10896, 13148, 8.7612581455118
87, 10896, 13148, 8.963024768079956
88, 10896, 13150, 8.778824952845365
89, 10896, 13152, 8.829604099073775
90, 10896, 13152, 8.852191789555134
91, 10896, 13154, 8.760319219356319
92, 10896, 13154, 8.818783388137694
93, 10896, 13156, 8.875699664286651
94, 10896, 13158, 8.799545564113686
95, 10896, 13158, 8.788192570192756
96, 10896, 13160, 8.661687716756152
97, 10896, 13160, 8.77513705243108
98, 10896, 13162, 8.81555633684253
99, 10896, 13164, 8.693757695990266
100, 10896, 13164, 8.71972606677642
101, 10896, 13166, 8.873656118914393
102, 10896, 13168, 8.81499412948839
103, 10896, 13168, 8.318708474358116
104, 10896, 13168, 8.265311779094489
105, 10896, 13170, 8.410744499471264
106, 10896, 13172, 8.229399205251344
107, 10896, 13174, 8.34459400729161
108, 10896, 13174, 8.617573968773069
109, 10896, 13176, 8.662162064963999
110, 10896, 13176, 8.265942552648701
111, 10896, 13178, 8.402405909455865
112, 10896, 13178, 8.56899781426293
113, 10896, 13180, 8.592525822827339
114, 10896, 13182, 8.541209369945909
115, 10896, 13182, 8.577194479249941
116, 10896, 13184, 8.406289615654334
117, 10896, 13186, 8.713564461813096
118, 10896, 13186, 8.762755922064342
119, 10896, 13188, 8.733457294740107
120, 10896, 13188, 8.765372104967282
121, 10896, 13190, 8.433344274129482
122, 10896, 13192, 8.555714077007382
123, 10896, 13192, 8.548952146458985
124, 10896, 13194, 8.310200967314731
125, 10896, 13196, 8.320371770382975
126, 10896, 13196, 8.852833493259798
127, 10896, 13198, 8.584988123146612
128, 10896, 13198, 8.297246730142446
129, 10896, 13200, 8.548825368462415
130, 10896, 13202, 8.44754447876589
131, 10896, 13202, 8.290402182750634
132, 10896, 13204, 8.735591727981442
133, 10896, 13204, 8.611114446333564
134, 10896, 13206, 8.65905969595467
135, 10896, 13208, 8.325375338891577
136, 10896, 13208, 8.70109554494793
137, 10896, 13210, 8.450432529966132
138, 10896, 13210, 8.424547701497879
139, 10896, 13212, 8.326666217137138
140, 10896, 13214, 8.396383050704953
141, 10896, 13214, 8.780645661953113
142, 10896, 13216, 8.708601040795205
143, 10896, 13216, 8.70672469965566
144, 10896, 13218, 8.528964761547286
145, 10896, 13220, 8.883529005951065
146, 10896, 13220, 8.796704725631496
147, 10896, 13222, 8.383709022996424
148, 10896, 13224, 8.928632638053598
149, 10896, 13224, 8.367628335989318
150, 10896, 13226, 8.600872187105368
151, 10896, 13226, 8.7529744038707
152, 10896, 13228, 8.898011161466721
153, 10896, 13230, 8.932662596222624
154, 10896, 13230, 8.82765667980324
155, 10896, 13232, 8.700944297276525
156, 10896, 13232, 8.850619493367027
157, 10896, 13234, 8.775642269259636
158, 10896, 13236, 8.846014033209602
159, 10896, 13236, 9.044865381250558
160, 10896, 13236, 8.95670393385718
161, 10896, 13240, 9.015419663287444
162, 10896, 13240, 8.788670080405597
163, 10896, 13242, 8.952454581505696
164, 10896, 13242, 8.942556842134207
165, 10896, 13244, 9.019686876574887
166, 10896, 13246, 9.006263114485781
167, 10896, 13246, 9.006607891676781
168, 10896, 13246, 9.039379754998885
169, 10896, 13250, 8.814994768319686
170, 10896, 13250, 8.974099941825227
171, 10896, 13252, 8.831190736873898
172, 10896, 13252, 8.76342071262673
173, 10896, 13254, 8.957860249804158
174, 10896, 13256, 8.860976900960521
175, 10896, 13256, 9.010902145017997
176, 10896, 13256, 8.828037252943773
177, 10896, 13258, 8.878799153280927
178, 10896, 13260, 8.956534436301519
179, 10896, 13262, 8.95811292446245
180, 10896, 13262, 8.909248507578678
181, 10896, 13264, 8.99119211479353
182, 10896, 13264, 8.9785242911026
183, 10896, 13266, 8.924886585127119
184, 10896, 13266, 8.937242512462635
185, 10896, 13268, 8.84968642807388
186, 10896, 13270, 8.871442045659094
187, 10896, 13174, 8.852430806869704
188, 10896, 13176, 9.03535698349432
189, 10896, 13176, 8.970375186961457
190, 10896, 13176, 9.042481700534795
191, 10896, 13178, 8.965818093901119
192, 10896, 13176, 8.987685592275227
193, 10896, 13178, 8.83646888546267
194, 10896, 13180, 8.846380106113084
195, 10896, 13180, 8.904540777272747
196, 10896, 13182, 8.91617892170625
197, 10896, 13182, 8.965239862080962
198, 10896, 13182, 8.946020336956611
199, 10896, 13184, 8.970938202175095
200, 10896, 13182, 8.922193310006325
201, 10896, 13184, 8.990070367815536
202, 10896, 13186, 9.17607675824149
203, 10896, 13186, 9.044970305518715
204, 10896, 13186, 9.146069037868324
205, 10896, 13188, 9.030412494513516
206, 10896, 13188, 9.030097400625719
207, 10896, 13188, 9.091297589148816
208, 10896, 13188, 9.05351230437711
209, 10896, 13190, 9.136039350637567
210, 10896, 13190, 9.081382857002067
211, 10896, 13192, 9.167374573303986
212, 10896, 13192, 9.020345736318212
213, 10896, 13194, 9.102047853489397
214, 10896, 13194, 9.063009676315165
215, 10896, 13194, 9.149593580207872
216, 10896, 13194, 9.046017663838512
217, 10896, 13196, 9.1243133406537
218, 10896, 13196, 8.9779464072586
219, 10896, 13198, 9.022612681390877
220, 10896, 13198, 9.059796460212585
221, 10896, 13198, 9.038865209943355
222, 10896, 13200, 8.98522707797772
223, 10896, 13200, 9.037986051156855
224, 10896, 13198, 8.891340975017586
225, 10896, 13202, 9.05623960477851
226, 10896, 13202, 8.97325518114332
227, 10896, 13204, 9.136958966665354
228, 10896, 13204, 9.071861167460463
229, 10896, 13204, 8.997468558927867
230, 10896, 13206, 9.131944503880192
231, 10896, 13206, 9.092947731263685
232, 10896, 13204, 9.071626391771645
233, 10896, 13208, 8.883179963412651
234, 10896, 13208, 9.046407205780843
235, 10896, 13210, 9.11604923985592
236, 10896, 13210, 8.991905313951664
237, 10896, 13210, 9.047830429111869
238, 10896, 13212, 9.103209983722191
239, 10896, 13212, 8.953928147626858
240, 10896, 13210, 8.989722869117982
241, 10896, 13214, 9.108385950532108
242, 10896, 13214, 9.016611241993283
243, 10896, 13214, 9.095362857184304
244, 10896, 13216, 9.018880322498772
245, 10896, 13216, 9.028994745159421
246, 10896, 13218, 8.94766159919859
247, 10896, 13218, 9.000196822951983
248, 10896, 13216, 9.02428953505048
249, 10896, 13220, 9.105993899382863
250, 10896, 13220, 8.961097938940673
251, 10896, 13220, 8.94870102567932
252, 10896, 13222, 9.04404154131193
253, 10896, 13222, 9.013917773915024
254, 10896, 13222, 9.102256960541261
255, 10896, 13224, 8.943001960794838
256, 10896, 13220, 8.923474278735174
257, 10896, 13172, 9.078391038132583
258, 10896, 13172, 9.007773127150907
259, 10896, 13172, 8.942170275764935
260, 10896, 13174, 9.073659938837464
261, 10896, 13174, 8.942103879122657
262, 10896, 13174, 9.0890374318564
263, 10896, 13174, 8.732109933937812
264, 10896, 13172, 9.001587555788689
265, 10896, 13176, 8.965185677321227
266, 10896, 13176, 8.990240472573905
267, 10896, 13176, 9.000282732209829
268, 10896, 13178, 8.691605769002658
269, 10896, 13178, 8.817524627452043
270, 10896, 13178, 8.945657155801099
271, 10896, 13178, 9.04830560950419
272, 10896, 13176, 8.99080199686506
273, 10896, 13180, 8.946787588296656
274, 10896, 13180, 9.053300040222064
275, 10896, 13182, 9.10416933937769
276, 10896, 13182, 8.916288071126921
277, 10896, 13182, 9.058761425965226
278, 10896, 13182, 8.933151999168045
279, 10896, 13184, 8.848855270600346
280, 10896, 13180, 9.04909252645079
281, 10896, 13184, 9.043433004926145
282, 10896, 13184, 9.046065429698611
283, 10896, 13186, 8.995935385663548
284, 10896, 13186, 9.01809731389521
285, 10896, 13186, 8.956652490341218
286, 10896, 13186, 8.999653434945063
287, 10896, 13188, 9.03948589560123
288, 10896, 13184, 9.07404983435274
289, 10896, 13188, 9.11747942670468
290, 10896, 13188, 9.012890523983653
291, 10896, 13190, 9.065360276974808
292, 10896, 13190, 8.91682013111451
293, 10896, 13190, 8.859005296110524
294, 10896, 13190, 8.998774563839719
295, 10896, 13192, 9.07527050517329
296, 10896, 13188, 8.86726026284776
297, 10896, 13192, 9.00984821936434
298, 10896, 13192, 8.964943836257358
299, 10896, 13194, 8.98150700958819
300, 10896, 13194, 8.920715776405242
301, 10896, 13194, 8.945886772342558
302, 10896, 13194, 8.964731079771376
303, 10896, 13196, 9.001790740001084
304, 10896, 13192, 8.990954849941339
305, 10896, 13196, 8.949103958896524
306, 10896, 13196, 8.957820667598181
307, 10896, 13198, 9.0207625064401
308, 10896, 13198, 8.788397664631608
309, 10896, 13198, 8.989597962192118
310, 10896, 13198, 9.130759261295799
311, 10896, 13200, 8.954150938201506
312, 10896, 13196, 9.080601838728537
313, 10896, 13200, 9.07761595406011
314, 10896, 13202, 9.05241739763612
315, 10896, 13202, 8.987674966581109
316, 10896, 13202, 8.949519439473095
317, 10896, 13202, 8.943009193517057
318, 10896, 13204, 8.989630517386225
319, 10896, 13204, 9.03669549533031
320, 10896, 13198, 8.953995379117456
321, 10896, 13204, 8.911142003019105
322, 10896, 13206, 8.712873511248567
323, 10896, 13206, 8.802386327033298
324, 10896, 13206, 9.053589800120312
325, 10896, 13206, 9.080990297170976
326, 10896, 13208, 8.893063663055795
327, 10896, 13208, 9.118645501071583
328, 10896, 13202, 9.01256329587571
329, 10896, 13208, 8.924041897535835
330, 10896, 13210, 8.930109517440041
331, 10896, 13210, 8.83406672866174
332, 10896, 13210, 9.081617459907289
333, 10896, 13210, 9.03084092339161
334, 10896, 13212, 8.984382875704142
335, 10896, 13212, 8.946470406691928
336, 10896, 13206, 9.006548537436045
337, 10896, 13212, 9.022282070038857
338, 10896, 13214, 8.832941507952818
339, 10896, 13214, 8.991489211970752
340, 10896, 13214, 8.9295896368885
341, 10896, 13214, 8.962379538024317
342, 10896, 13216, 9.039636377689192
343, 10896, 13216, 9.016281738642107
344, 10896, 13210, 8.914204889610192
345, 10896, 13218, 8.991350962967124
346, 10896, 13218, 8.892639104744166
347, 10896, 13218, 8.906708793494458
348, 10896, 13218, 8.94770833200002
349, 10896, 13220, 8.894647174439772
350, 10896, 13220, 8.904445604359001
351, 10896, 13220, 8.910132169174902
352, 10896, 13214, 8.865718150860662
353, 10896, 13222, 9.020504947324502
354, 10896, 13222, 8.968868426976739
355, 10896, 13222, 9.044354246555113
356, 10896, 13222, 8.906580313187574
357, 10896, 13224, 8.826991716613913
358, 10896, 13224, 8.85175373202757
359, 10896, 13224, 8.884072736515467
360, 10896, 13218, 8.894677094250447
361, 10896, 13226, 8.954491736950226
362, 10896, 13226, 9.043014137411795
363, 10896, 13226, 8.909658337690443
364, 10896, 13226, 8.911589222994111
365, 10896, 13228, 9.10601775913841
366, 10896, 13228, 8.859202094485044
367, 10896, 13228, 8.98620620616923
368, 10896, 13222, 8.87553645688574
369, 10896, 13230, 8.862051811260852
370, 10896, 13230, 9.054734196046178
371, 10896, 13230, 8.890072463317935
372, 10896, 13230, 9.011537689895652
373, 10896, 13232, 8.85145871183228
374, 10896, 13232, 9.029399579466222
375, 10896, 13232, 9.050758360719046
376, 10896, 13226, 8.99132371246319
377, 10896, 13234, 8.918967971885136
378, 10896, 13234, 8.923684426758696
379, 10896, 13234, 9.054704537847956
380, 10896, 13236, 8.918442848594621
381, 10896, 13236, 8.898843766765149
382, 10896, 13236, 8.991339663957643
383, 10896, 13236, 8.952563961965438
384, 10896, 13230, 8.859255650965995
385, 10896, 13238, 9.02285697457477
386, 10896, 13238, 8.998294586271275
387, 10896, 13238, 8.940389740869797
388, 10896, 13240, 9.039789552102592
389, 10896, 13240, 8.959590333925435
390, 10896, 13240, 8.87429057915677
391, 10896, 13240, 9.007497632135713
392, 10896, 13234, 8.847658060247962
393, 10896, 13242, 8.967534725242903
394, 10896, 13242, 8.954578753554028
395, 10896, 13242, 8.935872245962358
396, 10896, 13244, 8.785057024051383
397, 10896, 13244, 8.82387771690932
398, 10896, 13244, 9.020659481028924
399, 10896, 13246, 9.063513466791136
400, 10896, 13238, 9.0122721496178
401, 10896, 13246, 9.110489920922461
402, 10896, 13246, 8.913679673811666
403, 10896, 13248, 8.979819498230832
404, 10896, 13248, 8.905920361101991
405, 10896, 13248, 9.115605856898974
406, 10896, 13248, 9.003577823754929
407, 10896, 13250, 9.024667164117867
408, 10896, 13242, 9.059919276581837
409, 10896, 13250, 8.984797656525442
410, 10896, 13250, 9.086039210723895
411, 10896, 13252, 8.968693178282273
412, 10896, 13252, 8.924744483081994
413, 10896, 13252, 8.962913810954777
414, 10896, 13252, 8.936899742285387
415, 10896, 13254, 8.956653809398349
416, 10896, 13246, 9.084675186240418
417, 10896, 13254, 8.947214042163742
418, 10896, 13254, 9.049868807022593
419, 10896, 13256, 9.074149344304342
420, 10896, 13256, 8.949581995357702
421, 10896, 13256, 8.908786515020411
422, 10896, 13258, 9.068243453200681
423, 10896, 13258, 9.048724294211828
424, 10896, 13250, 8.895135022554706
425, 10896, 13260, 9.062263548024408
426, 10896, 13260, 8.982638560926471
427, 10896, 13260, 9.011739988218448
428, 10896, 13260, 9.074159498503752
429, 10896, 13262, 9.034404693218233
430, 10896, 13262, 8.969072120857867
431, 10896, 13262, 9.046182491826741
432, 10896, 13254, 8.955954763579665
433, 10896, 13264, 8.9997000465394
434, 10896, 13264, 8.903464659666223
435, 10896, 13264, 9.0025002912393
436, 10896, 13266, 9.017120582588342
437, 10896, 13266, 9.106035483609187
438, 10896, 13266, 9.069221148559487
439, 10896, 13266, 8.993162494903054
440, 10896, 13258, 8.889218111567219
441, 10896, 13268, 9.05292472764711
442, 10896, 13268, 8.939756964069083
443, 10896, 13270, 8.909640064207226
444, 10896, 13268, 9.087696949895772
445, 10896, 13270, 9.031585239218382
446, 10896, 13270, 9.03088048303757
447, 10896, 13272, 9.017619952653254
448, 10896, 13262, 8.979407828437278
449, 10896, 13272, 8.917714448684116
450, 10896, 13272, 9.124307865047506
451, 10896, 13274, 8.975821733350502
452, 10896, 13272, 8.917586958243035
453, 10896, 13274, 8.85091961001029
454, 10896, 13274, 8.905590421733262
455, 10896, 13274, 8.9896331749635
456, 10896, 13266, 8.919975884825032
457, 10896, 13276, 9.01102964735843
458, 10896, 13278, 8.914202929734707
459, 10896, 13278, 8.956839800343207
460, 10896, 13278, 8.914029157534111
461, 10896, 13278, 9.060262775205851
462, 10896, 13280, 8.934430866674527
463, 10896, 13280, 9.039687435250219
464, 10896, 13270, 8.849847398380302
465, 10896, 13280, 8.95116923192177
466, 10896, 13282, 8.831704352704106
467, 10896, 13282, 8.928188948612501
468, 10896, 13282, 9.03211169880589
469, 10896, 13282, 9.01300405765486
470, 10896, 13284, 8.894029960645677
471, 10896, 13284, 8.963119876373826
472, 10896, 13274, 8.900520516779045
473, 10896, 13284, 8.992627269138241
474, 10896, 13286, 8.89977029653361
475, 10896, 13286, 8.930666833677156
476, 10896, 13286, 9.005808342396413
477, 10896, 13286, 9.081463542760927
478, 10896, 13288, 8.989556105860451
479, 10896, 13288, 8.990227847390218
480, 10896, 13276, 8.916043632420802
481, 10896, 13288, 8.840092239145298
482, 10896, 13290, 8.982171579047254
483, 10896, 13290, 9.021543301470787
484, 10896, 13290, 8.931005191349655
485, 10896, 13290, 9.075365302006022
486, 10896, 13292, 8.816705890744151
487, 10896, 13292, 8.972102167418566
488, 10896, 13280, 8.934406585123389
489, 10896, 13294, 8.9557780409748
490, 10896, 13294, 9.099108430401982
491, 10896, 13294, 8.898088621687755
492, 10896, 13296, 8.97913936847178
493, 10896, 13296, 8.857598281185679
494, 10896, 13296, 9.019815965369075
495, 10896, 13296, 9.045549450565796
496, 10896, 13284, 8.923584261512952
497, 10896, 13298, 8.909019462906203
498, 10896, 13298, 8.943551681027767
499, 10896, 13298, 8.97096069778817
500, 10896, 13300, 8.835648552548816
501, 10896, 13300, 9.044493457780478
502, 10896, 13300, 8.80422829430712
503, 10896, 13300, 9.029506826424385
504, 10896, 13288, 8.928141108810228
505, 10896, 13302, 8.956419023349387
506, 10896, 13302, 8.945795319069756
507, 10896, 13302, 8.9058323314089
508, 10896, 13304, 9.008548339135494
509, 10896, 13304, 8.811217700030737
510, 10896, 13304, 8.947485203727268
511, 10896, 13304, 8.875147244413467
512, 10896, 13292, 8.839201859596185
513, 10896, 13280, 9.010139209028065
514, 10896, 13280, 9.03917218342989
515, 10896, 13280, 8.921021320052052
516, 10896, 13280, 8.960241762988705
517, 10896, 13280, 8.867174935006028
518, 10896, 13280, 8.947599728353302
519, 10896, 13580, 9.014727449251088
520, 10896, 13268, 8.964452265131511
521, 10896, 13280, 8.978735714443367
522, 10896, 13280, 8.851729897788145
523, 10896, 13300, 9.018455033663834
524, 10896, 13300, 8.981434722034752
525, 10896, 13300, 8.929275640002128
526, 10896, 13300, 9.054875749214215
527, 10896, 13320, 9.041904292522977
528, 10896, 13308, 8.923311928160903
529, 10896, 13320, 8.877355392891172
530, 10896, 13322, 8.972135257826741
531, 10896, 13322, 8.88283613791651
532, 10896, 13322, 9.037622079783374
533, 10896, 13322, 8.953638141002992
534, 10896, 13322, 8.924884620551868
535, 10896, 13322, 8.897556842113426
536, 10896, 13308, 9.057916166023697
537, 10896, 13322, 8.847234608563374
538, 10896, 13322, 9.055771006985987
539, 10896, 13322, 8.923076923076923
540, 10896, 13322, 8.962679357017509
541, 10896, 13322, 8.920109330997755
542, 10896, 13322, 8.912119416352926
543, 10896, 13322, 9.116632056865505
544, 10896, 13308, 8.898687519336852
545, 10896, 13382, 8.883803458286925
546, 10896, 13382, 8.90200895815636
547, 10896, 13382, 9.004334982939966
548, 10896, 13382, 8.765672153348437
549, 10896, 13382, 8.753236439137586
550, 10896, 13402, 8.841449995631422
551, 10896, 13402, 8.889167440348542
552, 10896, 13388, 8.905049921726079
553, 10896, 13402, 8.859789960710502
554, 10896, 13402, 8.999051522875464
555, 10896, 13402, 8.794729184691544
556, 10896, 13402, 8.986151103798163
557, 10896, 13402, 8.978216784016853
558, 10896, 13402, 8.943968619185483
559, 10896, 13402, 8.836560042967099
560, 10896, 13388, 9.089783220654027
561, 10896, 13402, 8.991783005219803
562, 10896, 13402, 8.926622297809333
563, 10896, 13402, 8.854813954715786
564, 10896, 13402, 8.952742534604111
565, 10896, 13402, 8.908586202630929
566, 10896, 13402, 8.899440161554697
567, 10896, 13402, 8.944051485342756
568, 10896, 13408, 8.834562712271145
569, 10896, 13424, 8.876024801680183
570, 10896, 13424, 9.079974816254056
571, 10896, 13424, 8.966026275616072
572, 10896, 13424, 9.04678466961317
573, 10896, 13424, 8.876640814525617
574, 10896, 13424, 8.877381956952059
575, 10896, 13424, 8.940995003737825
576, 10896, 13408, 8.99236931972089
577, 10896, 13444, 8.93957430996098
578, 10896, 13444, 8.964041342470304
579, 10896, 13444, 9.06234794551452
580, 10896, 13444, 8.93459755980482
581, 10896, 13444, 9.012386335472298
582, 10896, 13444, 8.972235854166481
583, 10896, 13444, 9.025218934327308
584, 10896, 13430, 8.931615086789936
585, 10896, 13444, 9.04943116499801
586, 10896, 13444, 8.835972687806201
587, 10896, 13444, 8.91318391120789
588, 10896, 13444, 9.049301227131295
589, 10896, 13444, 8.997355416307418
590, 10896, 13444, 8.920816531526134
591, 10896, 13464, 8.963255277079853
592, 10896, 13450, 8.952340591461102
593, 10896, 13464, 8.713481442086763
594, 10896, 13464, 8.874757418552536
595, 10896, 13464, 8.828565240390505
596, 10896, 13464, 8.853913517948646
597, 10896, 13464, 8.863641736211035
598, 10896, 13484, 8.9387366933804
599, 10896, 13484, 8.885875049804369
600, 10896, 13470, 8.767689643428007
601, 10896, 13486, 8.951733791585866
602, 10896, 13486, 8.852106751467312
603, 10896, 13486, 8.812509137825431
604, 10896, 13486, 8.8355144124394
605, 10896, 13486, 8.887535876077743
606, 10896, 13486, 8.844615000347211
607, 10896, 13486, 8.834137946687148
608, 10896, 13470, 8.848561730987457
609, 10896, 13486, 8.948115125452933
610, 10896, 13486, 8.90935422447666
611, 10896, 13486, 8.775796125036615
612, 10896, 13486, 8.854749493600162
613, 10896, 13486, 8.922102340523276
614, 10896, 13486, 8.886064604530626
615, 10896, 13486, 8.831540835564425
616, 10896, 13470, 8.89036421494899
617, 10896, 13486, 8.927636528419411
618, 10896, 13486, 8.907084472914873
619, 10896, 13506, 8.961500668862637
620, 10896, 13506, 8.754712570263269
621, 10896, 13506, 8.891752409260274
622, 10896, 13506, 8.729621325413087
623, 10896, 13506, 8.801586321271447
624, 10896, 13490, 8.761975726765693
625, 10896, 13506, 8.950568518514022
626, 10896, 13506, 8.820002215971353
627, 10896, 13506, 8.823549347824573
628, 10896, 13526, 8.790465652920801
629, 10896, 13526, 8.902203762592903
630, 10896, 13526, 8.82869981039697
631, 10896, 13526, 8.78896283506278
632, 10896, 13510, 8.805913563422365
633, 10896, 13528, 8.733002067247988
634, 10896, 13528, 8.86826686746764
635, 10896, 13528, 8.951976238128594
636, 10896, 13528, 8.826737417099768
637, 10896, 13528, 8.742213661074425
638, 10896, 13528, 8.807442591693917
639, 10896, 13528, 8.944253395821258
640, 10896, 13510, 8.937044858250621
641, 10896, 13528, 8.790625111341944
642, 10896, 13528, 8.771685028567605
643, 10896, 13528, 8.810112330822374
644, 10896, 13548, 8.763569720360037
645, 10896, 13548, 8.786133901648894
646, 10896, 13548, 8.702362995437504
647, 10896, 13548, 8.71464760844947
648, 10896, 13530, 8.751627311565239
649, 10896, 13548, 8.776223530502536
650, 10896, 13548, 8.703143196419223
651, 10896, 13548, 8.779898401765179
652, 10896, 13548, 8.707223939386434
653, 10896, 13548, 8.738170370118667
654, 10896, 13548, 8.713043898091437
655, 10896, 13548, 8.725740525130616
656, 10896, 13530, 8.730066175200315
657, 10896, 13548, 8.748105041860574
658, 10896, 13548, 8.678925231554304
659, 10896, 13568, 8.741744326859155
660, 10896, 13568, 8.692240551216159
661, 10896, 13570, 8.690840675325106
662, 10896, 13570, 8.703836341439347
663, 10896, 13570, 8.702605197688632
664, 10896, 13550, 8.733572676739424
665, 10896, 13570, 8.63102369339685
666, 10896, 13570, 8.684601995658657
667, 10896, 13570, 8.657240993939745
668, 10896, 13570, 8.735448061619564
669, 10896, 13570, 8.692825726143452
670, 10896, 13590, 8.703173709914521
671, 10896, 13590, 8.685515457398923
672, 10896, 13570, 8.72495564170896
673, 10896, 13590, 8.694998768680229
674, 10896, 13590, 8.614481486892846
675, 10896, 13590, 8.67377912639256
676, 10896, 13590, 8.60726213853301
677, 10896, 13590, 8.66547408019453
678, 10896, 13590, 8.699680371106819
679, 10896, 13590, 8.567981348560815
680, 10896, 13570, 8.692420692216022
681, 10896, 13590, 8.636141862840663
682, 10896, 13590, 8.654416772467934
683, 10896, 13590, 8.62842464951738
684, 10896, 13590, 8.670549143450954
685, 10896, 13590, 8.652540315983412
686, 10896, 13590, 8.616731509791643
687, 10896, 13610, 8.62913716443435
688, 10896, 13590, 8.649968283046078
689, 10896, 13612, 8.673300412748041
690, 10896, 13612, 8.675998970020022
691, 10896, 13612, 8.654693877318683
692, 10896, 13612, 8.592375291163533
693, 10896, 13612, 8.582511801280276
694, 10896, 13612, 8.613665251649211
695, 10896, 13612, 8.64361490755969
696, 10896, 13590, 8.630101450584355
697, 10896, 13632, 8.638706905741682
698, 10896, 13632, 8.653477211230536
699, 10896, 13632, 8.653858921858527
700, 10896, 13632, 8.477585817434337
701, 10896, 13632, 8.536330075016794
702, 10896, 13632, 8.624060310303568
703, 10896, 13632, 8.540829136113505
704, 10896, 13610, 8.558700665755126
705, 10896, 13632, 8.5420785172949
706, 10896, 13632, 8.55454192463313
707, 10896, 13632, 8.526788428842831
708, 10896, 13632, 8.510964561349324
709, 10896, 13632, 8.533953589142081
710, 10896, 13652, 8.537777097384433
711, 10896, 13652, 8.553427233770966
712, 10896, 13630, 8.523138989213818
713, 10896, 13652, 8.540309817786788
714, 10896, 13654, 8.472328630029319
715, 10896, 13654, 8.52881884077025
716, 10896, 13654, 8.519426436898506
717, 10896, 13654, 8.471382757271238
718, 10896, 13654, 8.50515620849373
719, 10896, 13654, 8.46335577452086
720, 10896, 13630, 8.507370897732343
721, 10896, 12770, 8.44776155683796
722, 10896, 12770, 8.489514960301939
723, 10896, 12770, 8.458758526227303
724, 10896, 12770, 8.5250081300813
725, 10896, 12770, 8.462627980613606
726, 10896, 12790, 8.509599837972106
727, 10896, 12790, 8.466202202879424
728, 10896, 12770, 8.460560104046232
729, 10896, 12790, 8.512597802992707
730, 10896, 12790, 8.492953599363657
731, 10896, 12790, 8.480661781967283
732, 10896, 12790, 8.452956569104197
733, 10896, 12790, 8.483006309173566
734, 10896, 12790, 8.416154363443772
735, 10896, 12790, 8.431316981537513
736, 10896, 12770, 8.42723846110571
737, 10896, 12790, 8.459509776804502
738, 10896, 12810, 8.446716750989289
739, 10896, 12810, 8.44800622306493
740, 10896, 12810, 8.42936251441885
741, 10896, 12810, 8.422003275886231
742, 10896, 12810, 8.429601442490744
743, 10896, 12810, 8.466693098947312
744, 10896, 12790, 8.39419679833732
745, 10896, 12810, 8.374820734775184
746, 10896, 12810, 8.466655381024083
747, 10896, 12810, 8.459433880906348
748, 10896, 12810, 8.314190263219864
749, 10896, 12810, 8.29036997454985
750, 10896, 12830, 8.273869402792176
751, 10896, 12830, 8.240621219189677
752, 10896, 12790, 8.363301227265689
753, 10896, 12830, 8.278830141371609
754, 10896, 12830, 8.244863076839652
755, 10896, 12830, 8.161006533042045
756, 10896, 12830, 8.131576167717096
757, 10896, 12830, 8.190487451738102
758, 10896, 12830, 8.196741501397865
759, 10896, 12830, 8.17974305608467
760, 10896, 12810, 8.460240565132544
761, 10896, 12850, 8.370880783708598
762, 10896, 12850, 8.323962955554343
763, 10896, 12850, 8.359495049585245
764, 10896, 12850, 8.344710792749067
765, 10896, 12850, 8.319848753423004
766, 10896, 12850, 8.345816409189133
767, 10896, 12850, 8.289668236936503
768, 10896, 12830, 8.398674245497414
769, 10896, 12850, 8.114996076428321
770, 10896, 12850, 8.153263213890042
771, 10896, 12850, 8.165195304772325
772, 10896, 12850, 8.062659690750282
773, 10896, 12870, 8.16519640101147
774, 10896, 12870, 8.119116059980957
775, 10896, 12870, 8.106309408704698
776, 10896, 12830, 8.261730047672703
777, 10896, 12870, 8.08417954209984
778, 10896, 12870, 8.112570785430231
779, 10896, 12870, 8.128958959705537
780, 10896, 12870, 8.132503680977248
781, 10896, 12870, 8.069688351063654
782, 10896, 12870, 8.13708508814269
783, 10896, 12870, 8.115342046155472
784, 10896, 12850, 8.259491078500288
785, 10896, 12890, 8.115411893388139
786, 10896, 12890, 8.090611258295326
787, 10896, 12890, 8.084233809408923
788, 10896, 12890, 8.093359456223366
789, 10896, 12890, 8.101998949039892
790, 10896, 12890, 8.100019391862663
791, 10896, 12890, 8.095663350879565
792, 10896, 12850, 8.269755642237735
793, 10896, 12890, 8.078604639856476
794, 10896, 12890, 8.101902889320053
795, 10896, 12890, 7.619977696645181
796, 10896, 12890, 7.554346598803003
797, 10896, 12890, 7.543055417402256
798, 10896, 12910, 7.600051310655465
799, 10896, 12910, 7.5595204608595425
800, 10896, 12870, 7.738552018563646
801, 10896, 12910, 7.590453967057997
802, 10896, 12910, 7.5607896550761735
803, 10896, 12910, 7.709890396866472
804, 10896, 12910, 7.556339246132957
805, 10896, 12910, 7.570103835705564
806, 10896, 12910, 7.524952585024793
807, 10896, 12910, 7.565517285990732
808, 10896, 12870, 7.6471209977742935
809, 10896, 12910, 7.51608627801621
810, 10896, 12930, 7.550373360273499
811, 10896, 12930, 7.495678339117609
812, 10896, 12930, 7.515354398600517
813, 10896, 12930, 7.507671310461736
814, 10896, 12930, 7.541222653920441
815, 10896, 12930, 7.53723564872779
816, 10896, 12890, 7.640775766527038
817, 10896, 12930, 7.4437515658920645
818, 10896, 12930, 7.516057018679965
819, 10896, 12930, 7.530220973487837
820, 10896, 12930, 7.519341988734354
821, 10896, 12930, 7.504152538456873
822, 10896, 12930, 7.494159401846449
823, 10896, 12930, 7.537353347953844
824, 10896, 12910, 7.587853925715213
825, 10896, 12950, 7.500542246212154
826, 10896, 12950, 7.464678030308842
827, 10896, 12950, 7.454552106898568
828, 10896, 12950, 7.4507944830898225
829, 10896, 12950, 7.482777528047309
830, 10896, 12950, 7.475695180472534
831, 10896, 12950, 7.487452780530907
832, 10896, 12910, 7.564255912345418
833, 10896, 12950, 7.472140670947461
834, 10896, 12950, 7.426460831045639
835, 10896, 12950, 7.429469166724846
836, 10896, 12950, 7.385236971838789
837, 10896, 12950, 7.429888041157617
838, 10896, 12950, 7.382205201884667
839, 10896, 12950, 7.395133072774093
840, 10896, 12930, 8.039568737144338
841, 10896, 12950, 7.89703294840474
842, 10896, 12970, 7.927999950985613
843, 10896, 12970, 7.916693362672254
844, 10896, 12970, 7.925823020114881
845, 10896, 12970, 7.896759684557619
846, 10896, 12970, 7.862184332514504
847, 10896, 12970, 7.925643298532169
848, 10896, 12950, 8.039960385445411
849, 10896, 12970, 7.925792033053604
850, 10896, 12970, 7.934338657668467
851, 10896, 12990, 7.9311786394162604
852, 10896, 12990, 7.8999436380855865
853, 10896, 12990, 7.921136399394415
854, 10896, 12990, 7.92038591973541
855, 10896, 12990, 7.9010592443604795
856, 10896, 12950, 8.059395051821456
857, 10896, 13010, 7.884253908686285
858, 10896, 13010, 7.38022227283886
859, 10896, 13010, 7.865394372188167
860, 10896, 13010, 7.904912406666197
861, 10896, 13010, 7.870154260691918
862, 10896, 13010, 7.891703360261037
863, 10896, 13010, 7.875844873172385
864, 10896, 12970, 8.01634444386448
865, 10896, 13010, 7.871052633792728
866, 10896, 13010, 7.8736720218204
867, 10896, 13010, 7.872348098433657
868, 10896, 13010, 7.868788759754489
869, 10896, 13010, 7.895771375868887
870, 10896, 13030, 7.888576181671716
871, 10896, 13030, 7.885425409085222
872, 10896, 12970, 7.847226238258497
873, 10896, 13030, 7.902234204424388
874, 10896, 13030, 7.860431458110141
875, 10896, 13030, 7.906582386862605
876, 10896, 13030, 7.855531116662515
877, 10896, 13030, 7.827039507192091
878, 10896, 13030, 7.8372493973939585
879, 10896, 13030, 7.868740400587968
880, 10896, 12990, 7.868301631946511
881, 10896, 13030, 7.830900450939771
882, 10896, 13030, 7.841322112020291
882, 10896, 13030, 7.8478722804357055
883, 10896, 13030, 7.8651695739203555
884, 10896, 13030, 7.882452869328
885, 10896, 13030, 7.81309087653011
886, 10896, 13030, 7.849899700414564
887, 10896, 13030, 7.817678617371373
888, 10896, 13890, 7.839431999793242
889, 10896, 13050, 7.858980974175259
890, 10896, 13050, 7.859023627826678
891, 10896, 13050, 7.856338366581882
892, 10896, 13050, 7.840613465841309
893, 10896, 13050, 7.848246993129975
894, 10896, 13050, 7.845070665079956
895, 10896, 13050, 7.821479028585432
896, 10896, 13890, 7.81404504047172
897, 10896, 13050, 7.70484547370128
898, 10896, 13030, 7.654977161845978
899, 10896, 13030, 7.701247738880865
900, 10896, 13030, 7.703321087334267
901, 10896, 13030, 7.65537367009434
902, 10896, 13030, 7.7126021452904645
903, 10896, 13030, 7.702074798413472
904, 10896, 13030, 7.662563224038039
905, 10896, 13030, 7.668652674288656
906, 10896, 13030, 7.631621179391712
907, 10896, 13030, 7.705070474246902
908, 10896, 13030, 7.672559747306936
909, 10896, 13030, 7.694766646129967
910, 10896, 13030, 7.624649654857693
911, 10896, 13030, 7.670816382696463
912, 10896, 13030, 7.68125888088685
913, 10896, 13030, 7.670311859643706
914, 10896, 13030, 7.581104320541056
915, 10896, 13030, 7.64077384663464
916, 10896, 13030, 7.668257689908896
917, 10896, 13030, 7.625695551504728
918, 10896, 13030, 7.6597148202654814
919, 10896, 13030, 7.654142846085643
920, 10896, 13030, 7.590158407316715
921, 10896, 13030, 7.627741806867305
922, 10896, 13030, 7.646238404586229
923, 10896, 13030, 7.635124425065818
924, 10896, 13030, 7.6472301342880415
925, 10899, 13030, 7.6112690880386165
926, 10902, 13030, 7.601095694274451
927, 10904, 13030, 7.612514746590213
928, 10896, 13030, 7.692424972102388
929, 10911, 13030, 7.560069249307326
930, 10914, 13032, 7.633561387645304
931, 10916, 13032, 7.586601655127231
932, 10919, 13032, 7.603212412892033
933, 10922, 13032, 7.616369103824978
934, 10925, 13032, 7.587581287393698
935, 10928, 13032, 7.604674135453497
936, 10896, 13032, 7.6421530579150865
937, 10934, 13032, 7.601985000126872
938, 10937, 13032, 7.589617554702453
939, 10940, 13132, 7.619328537161251
940, 10943, 13132, 7.601186895555216
941, 10945, 13132, 7.616031465243144
942, 10948, 13132, 7.55926441816819
943, 10951, 13132, 7.5275157464777624
944, 10915, 13092, 7.605180521629826
945, 10957, 13132, 7.577261962666752
946, 10960, 13132, 7.534611257203839
947, 10963, 13132, 7.570372863600016
948, 10966, 13132, 7.526440254137707
949, 10969, 13132, 7.559134289356405
950, 10972, 13132, 7.551448671583098
951, 10975, 13152, 7.594038987225188
952, 10938, 13112, 7.552186191551573
953, 10981, 13152, 7.560981880469731
954, 10984, 13152, 7.5744983097699565
955, 10986, 13152, 7.526220442516568
956, 10989, 13152, 7.582881358383593
957, 10992, 13152, 7.5689680985884555
958, 10995, 13152, 7.588500099976074
959, 10998, 13152, 7.563017531354222
960, 10960, 13112, 7.533539802246681
961, 11004, 13152, 7.434685999793038
962, 11007, 13152, 7.429589877589175
963, 11010, 13152, 7.438086693849087
964, 11013, 13152, 7.431249368814805
965, 11016, 13152, 7.422713800996031
966, 11018, 13152, 7.434581482274485
967, 11021, 13052, 7.4210603831856154
968, 10983, 13052, 7.410613042345319
969, 11027, 13052, 7.42296294176186
970, 11030, 13052, 7.422309322607912
971, 11033, 13052, 7.414932728441508
972, 11036, 13052, 7.454318200802422
973, 11039, 13052, 7.433241192006835
974, 11042, 13052, 7.44958065231318
975, 11045, 13052, 7.45080087271929
976, 11006, 13052, 7.437028872052889
977, 11051, 13052, 7.45648559213664
978, 11054, 13052, 7.4485752063816015
979, 11057, 13052, 7.411931634508436
980, 11059, 13052, 7.403972128858711
981, 11062, 13052, 7.284974112504223
982, 11065, 13052, 7.395911426233766
983, 11068, 13052, 7.395807546367895
984, 11028, 13052, 7.436715585352054
985, 11074, 13052, 7.403146568768601
986, 11077, 13052, 7.402400929027522
987, 11080, 13052, 7.412012029615918
988, 11083, 13052, 7.39674571885367
989, 11086, 13052, 7.3972657290275325
990, 11088, 13052, 7.326629258144762
991, 11091, 13052, 7.38653353983797
992, 11051, 13052, 7.42425239920571
993, 11098, 13052, 7.338237041915282
994, 11100, 13052, 7.36838363460952
995, 11103, 13052, 7.3041835707714515
996, 11106, 13052, 7.322696588979402
997, 11109, 13052, 7.367483433812751
998, 11112, 13052, 7.3345921985291715
999, 11115, 13052, 7.347755377700025
1000, 11074, 13052, 7.362553861852531
1001, 11121, 13052, 7.381604432549869
1002, 11124, 13052, 7.353504380732852
1003, 11127, 13052, 7.33388683506384
1004, 11130, 13052, 7.29878905984662
1005, 11132, 13052, 7.360099119903024
1006, 11135, 13052, 7.313447492271671
1007, 11138, 13052, 7.32358587776171
1008, 11096, 13192, 7.354684878168177
1009, 11144, 13232, 7.364563424253805
1010, 11147, 13232, 7.3273367574008414
1011, 11150, 13232, 7.332540608748581
1012, 11153, 13232, 7.340268786946559
1013, 11156, 13252, 7.290028812543699
1014, 11159, 13252, 7.309685337206358
1015, 11162, 13252, 7.3175560005794615
1016, 11119, 13192, 7.359503278912195
1017, 11168, 13252, 7.314044694782562
1018, 11171, 13252, 7.305996386008505
1019, 11173, 13252, 7.2931230724999345
1020, 11176, 13252, 7.215760309799721
1021, 11179, 13252, 7.368533168687295
1022, 11182, 13252, 7.362322574022217
1023, 11185, 13252, 7.466741443666732
1024, 11142, 13192, 7.4644201265642565
1025, 11191, 13252, 7.380552313835624
1026, 11194, 13252, 7.342470966304083
1027, 11197, 13252, 7.360953416020705
1028, 11200, 13252, 7.389629921962085
1029, 11203, 13852, 7.346413373313119
1030, 11206, 13852, 7.370367351880296
1031, 11208, 13852, 7.385475979725385
1032, 11165, 13812, 7.321253552665706
1033, 11215, 13872, 7.313933866328013
1034, 11217, 13872, 7.315720724833335
1035, 11220, 13872, 7.319451217545479
1036, 11223, 13872, 7.341095003213526
1037, 11226, 13872, 7.36447201617492
1038, 11229, 13872, 7.330528159823413
1039, 11232, 13872, 7.323498129700923
1040, 11187, 13812, 7.3577666278760425
1041, 11238, 13872, 7.3595932277965606
1042, 11241, 13872, 7.34685843485072
1043, 11244, 13872, 7.299322983543598
1044, 11247, 13892, 7.336178545733016
1045, 11249, 13892, 7.295015715779257
1046, 11252, 13372, 7.330189325092445
1047, 11255, 13372, 7.3156868447049375
1048, 11210, 13852, 7.3389507700977505
1049, 11261, 13372, 7.283322606081978
1050, 11264, 13372, 7.339238602999297
1051, 11267, 13372, 7.314494640028119
1052, 11270, 13372, 7.343858973543894
1053, 11273, 13372, 7.297743776719361
1054, 11276, 13372, 7.288139629066776
1055, 11279, 13372, 7.304737586056077
1056, 11233, 13872, 7.350453739448909
1057, 11285, 13392, 7.288468036422562
1058, 11288, 13392, 7.2821906270668
1059, 11291, 13392, 7.297376006364178
1060, 11293, 13392, 7.297971900530715
1061, 11296, 13932, 7.29756995682467
1062, 11299, 13932, 7.210676381852768
1063, 11302, 13932, 7.2530339832600665
1064, 11255, 13872, 7.279515131551544
1065, 11308, 13932, 7.241411158999626
1066, 11311, 13932, 7.279298179678976
1067, 11314, 13952, 7.260620527766461
1068, 11317, 13412, 7.26537674650639
1069, 11320, 13412, 7.2669775756033275
1070, 11323, 13952, 7.270841916169669
1071, 11326, 13972, 7.270615919860578
1072, 11278, 13892, 7.2563865067457325
1073, 11332, 13972, 7.2531412437127125
1074, 11335, 13972, 7.247463830700514
1075, 11337, 13972, 7.256312915284126
1076, 11340, 13972, 7.282975911027509
1077, 11343, 13972, 7.255265481024799
1078, 11346, 13972, 7.26773830342583
1079, 11349, 13972, 7.257249369751672
1080, 11301, 13912, 7.2861265973524665
1081, 11355, 13432, 7.271210928801684
1082, 11358, 13432, 7.273608466927202
1083, 11361, 13432, 7.235262713866177
1084, 11364, 13432, 7.257828767729378
1085, 11367, 13432, 7.254539379740269
1086, 11370, 13432, 7.246918900458993
1087, 11372, 13432, 7.272784325130514
1088, 11323, 13932, 7.244789190818929
1089, 11379, 13432, 7.217118805044818
1090, 11381, 13432, 7.2165574485949655
1091, 11384, 13992, 7.180823244094637
1092, 11387, 14012, 7.182766200916509
1093, 11390, 14012, 7.208722570468355
1094, 11393, 14012, 7.13705585424295
1095, 11396, 13472, 7.1736533345286
1096, 11346, 13412, 7.230376054427721
1097, 11402, 13472, 7.173429955052689
1098, 11405, 13472, 7.184123756471687
1099, 11408, 13472, 7.201329306953226
1100, 11411, 13472, 7.163513757842421
1101, 11414, 13472, 7.178718218402747
1102, 11416, 13472, 7.200771256544921
1103, 11419, 13472, 7.195327451929774
1104, 11369, 13412, 7.190763223507538
1105, 11426, 13472, 7.1989608528279465
1106, 11428, 13472, 7.190443136741645
1107, 11431, 13472, 7.1815897850343555
1108, 11434, 13472, 7.154532969780044
1109, 11437, 13472, 7.192239051738197
1110, 11440, 13472, 7.142987696613038
1111, 11443, 13472, 7.1535517333693415
1112, 11391, 13432, 7.156726998179322
1113, 11449, 14032, 7.146768290945327
1114, 11452, 14052, 7.161822819291278
1115, 11455, 14052, 7.17310168016015
1116, 11458, 13492, 7.1615137367502815
1117, 11461, 13492, 6.766915338965474
1118, 11463, 13492, 7.16221964785862
1119, 11466, 13492, 7.170983845025629
1120, 11414, 13432, 7.177950172374926
1121, 11472, 13492, 7.15034860022904
1122, 11475, 13492, 7.138762349722472
1123, 11478, 13492, 7.1148875774699745
1124, 11481, 13492, 7.097595928266411
1125, 11484, 13512, 7.128613307233823
1126, 11487, 13512, 7.130069165321955
1127, 11490, 13512, 7.131146398227714
1128, 11437, 14012, 7.148863021382618
1129, 11496, 13512, 7.112891319990538
1130, 11499, 13532, 7.114429395988212
1131, 11502, 13532, 7.101785108946751
1132, 11505, 13532, 7.077547072727107
1133, 11507, 13532, 7.11683248840262
1134, 11510, 13532, 7.130384317363226
1135, 11513, 13532, 7.090252253877057
1136, 11460, 14012, 7.147592259375342
1137, 11519, 13532, 7.1218949872697435
1138, 11522, 13532, 7.11582243406015
1139, 11525, 13532, 7.115034491020542
1140, 11528, 13532, 7.1086570406610425
1141, 11531, 14112, 7.11068542352589
1142, 11534, 13552, 7.104579676169457
1143, 11537, 13552, 7.118636810738199
1144, 11482, 13492, 7.065423709398657
1145, 11543, 13552, 7.119671834931299
1146, 11546, 13552, 7.127082873857913
1147, 11549, 13552, 7.091329890902901
1148, 11552, 13552, 7.072337678164919
1149, 11554, 13552, 7.119315125940983
1150, 11557, 13552, 7.0691296074146965
1151, 11560, 13552, 7.104427384681305
1152, 11505, 13492, 7.088929114040169
1153, 11566, 13572, 7.020515334944627
1154, 11569, 13572, 7.007272169407161
1155, 11572, 13572, 7.000309111005151
1156, 11575, 13572, 6.985124908935104
1157, 11578, 14152, 7.005565411351458
1158, 11581, 14152, 6.983389228472544
1159, 11584, 14152, 7.011947509612006
1160, 11528, 13532, 6.987671439059784
1161, 11590, 14172, 7.029746794072869
1162, 11593, 14172, 7.015754107756632
1163, 11596, 14172, 7.031980397952823
1164, 11599, 13612, 7.012081713718814
1165, 11602, 13612, 6.978106491223642
1166, 11604, 13612, 7.018826826148471
1167, 11607, 13612, 7.0038409332526355
1168, 11550, 14132, 7.015261265888753
1169, 11613, 13612, 6.993178543158328
1170, 11616, 14192, 6.954408490457406
1171, 11619, 14192, 6.98496726647643
1172, 11622, 14192, 6.98372041696494
1173, 11625, 14192, 6.976739234577101
1174, 11628, 14192, 6.992622537796638
1175, 11631, 13632, 6.964897060400725
1176, 11573, 13572, 6.981679256112961
1177, 11637, 13632, 6.956251525533688
1178, 11640, 13632, 6.9855080137770384
1179, 11643, 13632, 6.963054225120833
1180, 11646, 13632, 6.99296947798627
1181, 11649, 13632, 6.97018856699388
1182, 11651, 13632, 6.96548536223671
1183, 11654, 13632, 6.987555829871385
1184, 11596, 13572, 7.012610091255449
1185, 11661, 13632, 6.961082491026866
1186, 11663, 13632, 6.949880620257
1187, 11666, 13632, 6.9532353272564436
1188, 11669, 13632, 6.965524452930484
1189, 11672, 13632, 6.954831180630621
1190, 11675, 13632, 6.951591736031714
1191, 11678, 13632, 6.94889119500143
1192, 11618, 13572, 6.954099557517697
1193, 11684, 14232, 6.926039568025388
1194, 11687, 13652, 6.918778024833351
1195, 11690, 13672, 6.935498201135397
1196, 11693, 13672, 6.919780150512201
1197, 11696, 13672, 6.917041327273252
1198, 11698, 13672, 6.949551442299067
1199, 11701, 13672, 6.895308609389856
1200, 11641, 13612, 6.926189434685197
1201, 11708, 13672, 6.912245350842373
1202, 11710, 13672, 6.914612829984458
1203, 11713, 13672, 6.9334993552722235
1204, 11716, 13672, 6.957032544731182
1205, 11719, 13672, 6.9347279397239046
1206, 11722, 13672, 6.9327066197345815
1207, 11725, 13672, 6.901132244696302
1208, 11664, 13612, 6.942780635939919
1209, 11731, 13672, 6.922451804273618
1210, 11734, 13672, 6.909125114342828
1211, 11737, 13672, 6.917954420885833
1212, 11740, 13692, 6.900063881067871
1213, 11743, 13692, 6.926657612578216
1214, 11746, 14272, 6.912534469665132
1215, 11748, 14272, 6.933815946883019
1216, 11686, 13612, 6.8799085777066304
1217, 11755, 13692, 6.855332897407859
1218, 11758, 13692, 6.840672738313039
1219, 11760, 13692, 6.854982094794624
1220, 11763, 13692, 6.86300853398784
1221, 11766, 13692, 6.855034635631266
1222, 11769, 13692, 6.857513469240114
1223, 11772, 13692, 6.835615546888848
1224, 11709, 14232, 6.837320816223376
1225, 11778, 13712, 6.854518920354861
1226, 11781, 13712, 6.841618499840905
1227, 11784, 13712, 6.842891342698435
1228, 11787, 13712, 6.862914825137168
1229, 11790, 13732, 6.852635963213005
1230, 11793, 13732, 6.853465325447267
1231, 11796, 14332, 6.838914271028322
1232, 11732, 13672, 6.879630352860782
1233, 11802, 13752, 6.848285102588463
1234, 11805, 13752, 6.870054863374744
1235, 11808, 13752, 6.84202374132673
1236, 11810, 13752, 6.825004236351374
1237, 11813, 13754, 6.809616636506162
1238, 11816, 13754, 6.801805049185454
1239, 11819, 13754, 6.837097907097844
1240, 11755, 13674, 6.852847145811748
1241, 11825, 13754, 6.799435875439803
1242, 11828, 13754, 6.827754579474853
1243, 11831, 13754, 6.7911360842217166
1244, 11834, 13754, 6.843566638159968
1245, 11837, 13754, 6.8059584105988575
1246, 11840, 13754, 6.8017639709679125
1247, 11843, 13754, 6.7921895648893384
1248, 11777, 13694, 6.77209756846059
1249, 11849, 13754, 6.775343938279133
1250, 11852, 13754, 6.766924750581408
1251, 11855, 13754, 6.791681744891127
1252, 11858, 13754, 6.781568490209878
1253, 11861, 14374, 6.764500054667765
1254, 11863, 13774, 6.773207381796536
1255, 11866, 13774, 6.773635867808009
1256, 11800, 14314, 6.792464555131291
1257, 11873, 13774, 6.761233623084515
1258, 11875, 13774, 6.781334456690715
1259, 11878, 13774, 6.770018449142188
1260, 11881, 13774, 6.749355304778785
1261, 11884, 13774, 6.729559488848146
1262, 11887, 13774, 6.767269233739335
1263, 11890, 13794, 6.776053529316176
1264, 11823, 13734, 6.738153896488039
1265, 11896, 13794, 6.764075732849663
1266, 11899, 13794, 6.732179401298662
1267, 11902, 13794, 6.752332871112268
1268, 11905, 13814, 6.732231939591971
1269, 11908, 13814, 6.781644866518171
1270, 11911, 13814, 6.7691390900885375
1271, 11913, 13814, 6.741678668611365
1272, 11845, 13734, 6.7524093400171195
1273, 11920, 13814, 6.733886756486652
1274, 11923, 13814, 6.762031984929433
1275, 11925, 13814, 6.7740342273724305
1276, 11928, 13814, 6.727584171118451
1277, 11931, 13814, 6.76607329353655
1278, 11934, 13814, 6.756603161296279
1279, 11937, 13814, 6.718593599896775
1280, 11868, 14354, 6.721852383621036
1281, 11943, 13814, 6.1681826366980825
1282, 11946, 13814, 6.175285256116707
1283, 11949, 13814, 6.1735648603415045
1284, 11952, 13814, 6.171434265614447
1285, 11955, 14434, 6.169773284645978
1286, 11958, 14434, 6.160631069188041
1287, 11961, 13834, 6.164440155123061
1288, 11891, 13754, 6.178325010304843
1289, 11967, 13834, 6.161274848638621
1290, 11970, 13834, 6.1745310349399745
1291, 11973, 13834, 6.174415065483874
1292, 11976, 13834, 6.153262321605837
1293, 11978, 13834, 6.15233235381101
1294, 11981, 13834, 6.142016089091912
1295, 11984, 13834, 6.138262845016337
1296, 11913, 13774, 6.17826224651169
1297, 11990, 13834, 6.1409512377391575
1298, 11993, 14474, 6.14562425686894
1299, 11996, 14474, 6.140794363071917
1300, 11999, 14474, 6.127473196199838
1301, 12002, 14474, 6.141420669497913
1302, 12005, 14474, 6.141126413588362
1303, 12008, 14474, 6.134948595675433
1304, 11936, 13794, 6.13183204254717
1305, 12014, 13874, 6.139310031057733
1306, 12017, 13874, 6.133858663599943
1307, 12020, 13874, 6.133889595871702
1308, 12023, 13874, 6.14176891392245
1309, 12026, 13874, 6.141603314587449
1310, 12029, 13874, 6.136047891866968
1311, 12031, 13874, 6.128942235734284
1312, 11959, 14414, 6.123982500291385
1313, 12038, 13874, 6.119676675712744
1314, 12041, 13874, 5.970254066635862
1315, 12044, 13874, 6.319029521110505
1316, 12046, 13874, 6.313834187827443
1317, 12049, 13874, 6.31470314412834
1318, 12052, 13874, 6.295750353025283
1319, 12055, 13874, 6.287072826262022
1320, 11982, 13814, 6.318921190956492
1321, 12061, 14514, 6.305180965732182
1322, 12064, 14514, 6.311918477922159
1323, 12067, 14514, 6.296617272040471
1324, 12070, 14514, 6.314579227024976
1325, 12073, 14514, 6.30626038115928
1326, 12076, 14514, 6.313688019510356
1327, 12079, 14514, 6.318136728872284
1328, 12004, 13834, 6.340952270831716
1329, 12085, 14534, 6.311340094600456
1330, 12088, 14534, 6.278043609281557
1331, 12091, 14534, 6.305448987163531
1332, 12094, 14534, 6.320778746478577
1333, 12097, 14534, 6.2655078314201615
1334, 12099, 14534, 6.293534602566323
1335, 12102, 14534, 6.281030355958124
1336, 12027, 13854, 6.335959121424841
1337, 12109, 14534, 6.308376152492045
1337, 12109, 14534, 6.237505342796654
1338, 12111, 14534, 6.308804123615093
1339, 12114, 14534, 6.290711309933552
1340, 12117, 14554, 6.294702221347288
1341, 12120, 14554, 6.286628952865743
1342, 12123, 14554, 6.29289023648338
1343, 12126, 14554, 6.289143872158862
1344, 12050, 13874, 6.284320587374456
1345, 12132, 14554, 6.241034147105351
1346, 12135, 13894, 6.2274057362052915
1346, 12135, 13894, 6.232172033724231
1347, 12138, 14554, 6.217996058530379
1348, 12141, 14554, 6.197260524952348
1349, 12144, 14574, 6.21765024042793
1350, 12147, 14574, 6.2194331412866015
1351, 12150, 14574, 6.214062741310325
1352, 12072, 13874, 6.22500779822418
1352, 12072, 13874, 6.2306049046232195
1353, 12156, 14574, 6.227097444815347
1354, 12159, 14574, 5.9944206734913195
1355, 12162, 14574, 6.211294743500995
1356, 12165, 14574, 6.237223876089119
1357, 12167, 14594, 6.205981445549171
1358, 12170, 14594, 6.232016849911176
1359, 12173, 14594, 6.212304810195887
1360, 12095, 14514, 6.218977145307502
1361, 12180, 14594, 6.206349717403629
1362, 12182, 13894, 6.211453654958449
1363, 12185, 13894, 6.215113722165116
1364, 12188, 14594, 6.199128109799983
1365, 12191, 14594, 6.2093513529269755
1366, 12194, 14594, 6.196535335002115
1367, 12197, 14614, 6.208427487948073
1368, 12118, 13914, 6.223229660263896
1369, 12203, 13914, 6.198877580251341
1370, 12206, 13914, 6.219363497406971
1371, 12209, 14614, 6.190922358992604
1372, 12212, 14614, 6.201388213709435
1373, 12215, 13914, 6.203319662056648
1374, 12218, 14614, 6.176899017819011
1375, 12221, 14614, 6.159455574906937
1376, 12140, 13914, 6.1719434448493
1377, 12227, 14634, 6.168746653423886
1378, 12230, 14634, 6.189593224009725
1379, 12233, 14634, 6.186929112695312
1380, 12236, 14634, 6.194340909620999
1381, 12238, 14634, 6.144069621478571
1382, 12241, 14634, 6.193357488660642
1383, 12244, 14634, 6.170000810595323
1384, 12163, 13914, 6.164670412253803
1385, 12251, 14654, 6.181762332719637
1386, 12253, 14654, 6.16001799668933
1387, 12256, 14654, 6.174807185154286
1388, 12259, 14654, 6.175886006279728
1389, 12262, 14654, 6.168603371515661
1390, 12265, 14654, 6.154196307092103
1391, 12268, 14654, 6.162727669394582
1392, 12186, 13914, 6.1739349356064235
1393, 12274, 14654, 6.162846322745865
1394, 12277, 14674, 6.1594873897047
1395, 12280, 14674, 6.14790392727494
1396, 12283, 14674, 6.168582098786719
1397, 12286, 14674, 6.169070470027229
1398, 12289, 14674, 6.161709624099937
1399, 12292, 14674, 6.1390943682714205
1400, 12208, 14594, 6.162477887799213
1401, 12298, 14674, 6.148676211540259
1402, 12301, 14694, 6.149268375741366
1403, 12304, 14694, 6.170219902333492
1404, 12307, 14694, 6.165713501896377
1405, 12309, 14694, 6.180179000122908
1406, 12312, 14694, 6.17489903173213
1407, 12315, 14694, 6.14520323559447
1408, 12231, 14614, 6.169089243046761
1409, 12322, 14694, 6.056937941974511
1410, 12325, 14694, 6.058675422665911
1411, 12327, 14714, 6.0423552180996225
1412, 12330, 14714, 6.028079140891739
1413, 12333, 14714, 6.05783657686768
1414, 12336, 14714, 6.026921130778663
1415, 12339, 14714, 5.969358961970412
1416, 12254, 14634, 6.072915335788266
1417, 12345, 14714, 6.008334869976295
1418, 12348, 14714, 6.044786000784206
1419, 12351, 14714, 6.04009015035023
1420, 12354, 14714, 6.0237680562268725
1421, 12357, 14714, 6.0398460121215205
1422, 12360, 14714, 6.019380320845062
1423, 12363, 14714, 6.0216435926169645
1424, 12277, 14774, 6.066034925672196
1425, 12369, 14734, 6.025984176212757
1426, 12372, 14734, 6.0166529492279
1427, 12375, 14734, 6.022599475411408
1428, 12378, 14734, 6.018739642789105
1429, 12381, 14734, 6.020666854395667
1430, 12383, 14734, 6.020047652657944
1431, 12386, 14734, 6.017692691377858
1432, 12299, 14654, 6.039502632414812
1433, 12393, 14754, 6.002521916751481
1434, 12396, 14774, 6.003468774807811
1435, 12398, 14774, 6.014185261216335
1436, 12401, 14774, 6.020177859194095
1437, 12404, 14774, 5.983839795489968
1438, 12407, 14774, 6.011768622647284
1439, 12410, 14774, 6.008003076244482
1440, 12322, 14674, 6.057387678577049
1441, 12416, 14774, 5.982466259276992
1442, 12419, 14774, 5.999426567691968
1443, 12422, 14774, 5.994539729194342
1444, 12425, 14774, 5.988997284205838
1445, 12428, 14774, 5.992881942288905
1446, 12431, 14774, 5.982551296022211
1447, 12434, 14774, 5.988831269451976
1448, 12345, 14694, 6.02604776525116
1449, 12440, 14794, 5.984228102284677
1450, 12443, 14794, 5.993263745639067
1451, 12446, 14794, 5.98248979861847
1452, 12449, 14794, 5.989604510693357
1453, 12452, 14794, 5.97220224965812
1454, 12455, 14794, 5.984142723458883
1455, 12458, 14794, 5.959604662055828
1456, 12367, 14694, 6.009661520687032
1457, 12464, 14794, 5.960756517123253
1458, 12467, 14814, 5.981268351423048
1459, 12470, 14814, 5.970177290998568
1460, 12473, 14814, 5.9807351543458305
1461, 12475, 14814, 5.976154109198678
1462, 12478, 14814, 5.9721400851571955
1463, 12481, 14814, 5.966777407985982
1464, 12390, 14714, 6.007446409876734
1465, 12488, 14814, 5.958409761784244
1466, 12490, 14814, 5.967931452020256
1467, 12493, 14814, 5.972200783499329
1468, 12496, 14814, 5.980481382401659
1469, 12499, 14814, 5.959010509303022
1470, 12502, 14834, 5.972603124476288
1471, 12505, 14834, 5.9681358422095805
1472, 12413, 13974, 5.972665591894584
1473, 12511, 14834, 5.907266149902927
1474, 12514, 14834, 5.906692139107654
1475, 12517, 14834, 5.893259909604083
1476, 12520, 14854, 5.8868686694650005
1477, 12523, 14854, 5.893039202396152
1478, 12526, 14854, 5.885652916036112
1479, 12529, 14854, 5.889508422975756
1480, 12436, 14754, 5.919992111532265
1481, 12535, 14854, 5.857703273109526
1482, 12538, 14854, 5.885432778225564
1483, 12541, 14854, 5.88074402608137
1484, 12544, 14834, 5.884415175278288
1485, 12547, 14834, 5.886469249896641
1486, 12550, 14834, 5.884540434766286
1487, 12552, 14834, 5.877263173743343
1488, 12458, 14774, 5.900054807267738
1489, 12559, 14834, 5.872697436586746
1490, 12562, 14834, 5.868012526936406
1491, 12565, 14834, 5.871651919972983
1492, 12567, 14854, 5.882018337843121
1493, 12570, 14854, 5.876725926983835
1494, 12573, 14854, 5.866404451712331
1495, 12576, 14854, 5.867491404969529
1496, 12481, 14794, 5.938171838020624
1497, 12583, 14854, 5.867446685072119
1498, 12585, 14874, 5.866160289292543
1499, 12588, 14874, 5.858825665775009
1500, 12591, 14874, 5.829349495179535
1501, 12594, 14874, 5.861377336850373
1502, 12597, 14874, 5.8630417218218085
1503, 12600, 14874, 5.861875338370982
1504, 12504, 14794, 5.913710694135575
1505, 12606, 14896, 5.849248666034109
1506, 12609, 14896, 5.82188531536277
1507, 12612, 14856, 5.8380713768721115
1508, 12615, 14856, 5.840519741980539
1509, 12618, 14896, 5.840871719549761
1510, 12621, 14896, 5.817359551338305
1511, 12624, 14856, 5.824780045801464
1512, 12526, 14816, 5.8394293015598
1513, 12630, 14876, 5.8132575353691145
1514, 12633, 14916, 5.823499742158875
1515, 12636, 14916, 5.8117642977812345
1516, 12639, 14916, 5.810412546363708
1517, 12642, 14876, 5.820672018620819
1518, 12645, 14876, 5.787836488839501
1519, 12648, 14876, 5.813863270787347
1520, 12549, 14836, 5.857544457401836
1521, 12654, 14956, 5.800797448112626
1522, 12657, 14956, 5.803607274094477
1523, 12660, 14956, 5.800816536446361
1524, 12663, 14956, 5.800597719749088
1525, 12665, 14876, 5.7979657444025365
1526, 12668, 14876, 5.798489239444526
1527, 12671, 14876, 5.799016146686082
1528, 12572, 15736, 5.846155073613314
1529, 12678, 14896, 5.79699446102263
1530, 12681, 14896, 5.785451898295564
1531, 12683, 14896, 5.79836457603134
1532, 12686, 14896, 5.794261692948301
1533, 12689, 14896, 5.7933206224760605
1534, 12692, 14896, 5.80223910909223
1535, 12695, 14896, 5.783976760014222
1536, 12594, 15756, 5.809627991716963
1537, 12701, 14996, 5.58814138875918
1538, 12704, 14996, 5.587771721803474
1539, 12707, 14996, 5.5909372945798
1540, 12710, 14996, 5.586678923222331
1541, 12713, 15016, 5.5976686860827165
1542, 12716, 15016, 5.5816029427920055
1543, 12719, 15016, 5.608205517678472
1544, 12617, 15776, 5.780636684141751
1545, 12725, 15016, 5.609027395898973
1546, 12728, 15016, 5.607894208219327
1547, 12731, 15036, 5.597752151767953
1548, 12734, 15036, 5.599884461780702
1549, 12737, 15036, 5.604154991806039
1550, 12740, 15036, 5.599794229636613
1551, 12743, 15036, 5.59745436584844
1552, 12640, 15796, 5.755463570205074
1553, 12749, 15036, 5.593799796896495
1554, 12752, 15056, 5.597264273413624
1555, 12755, 15056, 5.596660596610858
1556, 12758, 15056, 5.5974051672454825
1557, 12761, 15056, 5.592850189923152
1558, 12764, 15056, 5.588498523216298
1559, 12766, 15056, 5.5874711467441145
1560, 12663, 14956, 5.7676580769123715
1561, 12773, 15076, 5.583226508952615
1562, 12776, 14916, 5.559983344936933
1563, 12779, 14916, 5.589092992704553
1564, 12782, 14936, 5.58758562326997
1565, 12784, 14936, 5.58706025058877
1566, 12787, 14936, 5.571575836964089
1567, 12790, 15096, 5.581085096546242
1568, 12685, 14976, 5.765345007848768
1569, 12797, 15096, 5.556273207987835
1570, 12800, 15096, 5.558328308583537
1571, 12802, 14936, 5.5681015301716394
1572, 12805, 15096, 5.565058253279597
1573, 12808, 15116, 5.5567303579894745
1574, 12811, 15116, 5.55730945495155
1575, 12814, 15116, 5.580805980911582
1576, 12708, 14936, 5.713618636247099
1577, 12820, 15116, 5.594194189452305
1578, 12823, 15116, 5.586360249433073
1579, 12826, 15136, 5.568147156232827
1580, 12829, 15136, 5.570790410412638
1581, 12832, 15136, 5.579974945009857
1582, 12835, 15136, 5.574677602251159
1583, 12838, 15136, 5.569480328030914
1584, 12731, 15036, 5.72877628471894
1585, 12844, 15156, 5.5704674239936995
1586, 12847, 15156, 5.561840526401898
1587, 12850, 15156, 5.566343839439007
1588, 12853, 15156, 5.553313580274871
1589, 12856, 15156, 5.563979664717971
1590, 12859, 15156, 5.558675799723215
1591, 12862, 15176, 5.555304329152199
1592, 12753, 15076, 5.710364664387463
1593, 12868, 15176, 5.561447630982498
1594, 12871, 15176, 5.558099465706975
1595, 12874, 15176, 5.554430648648977
1596, 12877, 15176, 5.5520033412032666
1597, 12880, 15176, 5.555765887477334
1598, 12883, 15176, 5.557469419708118
1599, 12885, 15176, 5.5520484503971295
1600, 12776, 15096, 5.671537492796621
1601, 12892, 15196, 5.49801242267469
1602, 12895, 15196, 5.503543724654352
1603, 12898, 15196, 5.500917612424029
1604, 12901, 15196, 5.490759385788782
1605, 12904, 15196, 5.508146394874579
1606, 12906, 15216, 5.498892805628097
1607, 12909, 15216, 5.501823314286914
1608, 12799, 15096, 5.540547591045886
1609, 12916, 15216, 5.502849058207686
1610, 12919, 15216, 5.508624847973092
1611, 12922, 15216, 5.5026690711031785
1612, 12924, 15236, 5.5030786024136304
1613, 12927, 15236, 5.500971349047257
1614, 12930, 15236, 5.490332851396617
1615, 12933, 15236, 5.498983544345402
1616, 12822, 14996, 5.5629439820046365
1617, 12940, 15236, 5.488754185161655
1618, 12942, 15236, 5.492669069563437
1619, 12945, 15256, 5.490826061011709
1620, 12948, 15276, 5.495615541724565
1621, 12951, 15276, 5.491831590800474
1622, 12954, 15276, 5.496830736854359
1623, 12957, 15276, 5.495544032573826
1624, 12844, 15176, 5.53977997063755
1625, 12963, 15276, 5.486755893552038
1626, 12966, 15276, 5.482626760722093
1627, 12969, 15276, 5.480613665648222
1628, 12972, 15296, 5.482377174237859
1629, 12975, 15296, 5.478570956282888
1630, 12978, 15296, 5.487903043515728
1631, 12981, 15296, 5.482289453692534
1632, 12867, 15196, 5.548007752033805
1633, 12987, 15316, 5.467189352963555
1634, 12990, 15316, 5.466335550685098
1635, 12993, 15316, 5.462758134069721
1636, 12996, 15316, 5.457010504834017
1637, 12999, 15316, 5.458584924059878
1638, 13002, 15316, 5.457013197885008
1639, 13005, 15316, 5.455900949198571
1640, 12890, 15216, 5.506337605665052
1641, 13011, 15336, 5.445983982017637
1642, 13014, 15336, 5.45502008810206
1643, 13017, 15336, 5.4468929041657965
1644, 13020, 15336, 5.445657751253116
1645, 13023, 15336, 5.450727517613895
1646, 13026, 15336, 5.449300684341091
1647, 13029, 15336, 5.4519886756598135
1648, 12912, 15236, 5.514715292049581
1649, 13035, 15376, 5.445703830806716
1650, 13038, 15036, 5.443194484042245
1651, 13041, 15036, 5.443834943265608
1652, 13044, 15036, 5.441316364387259
1653, 13047, 15036, 5.438333470519547
1654, 13050, 15376, 5.445099007301462
1655, 13052, 15396, 5.443220304130746
1656, 12935, 15256, 5.497860583880141
1657, 13059, 15396, 5.449080486716269
1658, 13062, 15396, 5.437779388775415
1659, 13065, 15396, 5.442435093264735
1660, 13068, 15396, 5.449460350955007
1661, 13070, 15416, 5.451024553063262
1662, 13073, 15416, 5.450346744025098
1663, 13076, 15416, 5.45637379529849
1664, 12958, 15036, 5.4654306885868955
1665, 13083, 15416, 5.248591689413043
1666, 13086, 15416, 5.25692255437337
1667, 13089, 15416, 5.26044671762938
1668, 13092, 15436, 5.234382025904926
1669, 13094, 15436, 5.228783919763892
1670, 13097, 15436, 5.2325331168418865
1671, 13100, 15436, 5.231252414084608
1672, 12980, 15316, 5.377746225966841
1673, 13107, 15056, 5.233497827235666
1674, 13110, 15056, 5.232499352792602
1675, 13112, 15056, 5.234397793747589
1676, 13115, 15056, 5.246841817886454
1677, 13118, 15476, 5.235154987248557
1678, 13121, 15496, 5.228954527780219
1679, 13124, 15496, 5.229556802398166
1680, 13003, 15376, 5.372176241037084
1681, 13131, 15496, 5.231026988888841
1682, 13133, 15496, 5.2248181190531815
1683, 13136, 15496, 5.226695492350218
1684, 13139, 15516, 5.224756625455451
1685, 13142, 15516, 5.221440360766938
1686, 13145, 15516, 5.2211799210548335
1687, 13148, 15516, 5.21790624604935
1688, 13026, 15396, 5.3600218922424
1689, 13154, 15516, 5.225420788025664
1690, 13157, 15536, 5.219454324073528
1691, 13160, 15536, 5.22438791865929
1692, 13163, 15536, 5.221100135774134
1693, 13166, 15536, 5.221235503253216
1694, 13169, 15536, 5.2211700598206585
1695, 13172, 15536, 5.217663616479718
1696, 13049, 15416, 5.355171954397913
1697, 13178, 15556, 5.204991030593207
1698, 13181, 15556, 5.195117611387786
1699, 13184, 15556, 5.1936375996446795
1700, 13187, 15556, 5.199516703047879
1701, 13190, 15556, 5.197180430816082
1702, 13193, 15556, 5.198763561320201
1703, 13196, 15576, 5.20754322779032
1704, 13071, 15436, 5.329643378030225
1705, 13202, 15576, 4.966386087646732
1706, 13205, 15576, 5.190121076979808
1707, 13208, 15576, 5.187236602401157
1708, 13211, 15576, 5.191939464971824
1709, 13214, 15576, 5.170582552331956
1710, 13217, 15576, 5.18267253572677
1711, 13220, 15596, 5.194226885762151
1712, 13094, 15456, 5.324071866477932
1713, 13226, 15596, 5.18799747174577
1714, 13229, 15596, 5.185173489044085
1715, 13232, 15596, 5.175920323514765
1716, 13235, 15096, 5.178676024671372
1717, 13238, 15096, 5.181983430323572
1718, 13241, 15096, 5.176273189162336
1719, 13244, 15116, 5.1814993335415
1720, 13117, 15496, 5.312305420442084
1721, 13250, 15116, 5.182742759254066
1722, 13253, 15116, 5.182230259575445
1723, 13256, 15116, 5.1802031148640175
1724, 13259, 15116, 5.177032167492386
1725, 13262, 15116, 5.1717492763111625
1726, 13265, 15116, 5.170079267017794
1727, 13268, 15636, 5.175888387362907
1728, 13139, 15516, 5.281654630025255
1729, 13274, 15636, 5.128405154865548
1730, 13277, 15656, 5.129519606594117
1731, 13280, 15656, 5.127520080762305
1732, 13283, 15656, 5.138374108418823
1733, 13286, 15656, 5.121539902660489
1734, 13289, 15116, 5.119231149955254
1735, 13291, 15116, 5.111064973421875
1736, 13162, 15116, 5.257891052321142
1737, 13298, 15136, 5.115902204713872
1738, 13301, 15136, 5.113148190301797
1739, 13304, 15136, 5.11630095024913
1740, 13307, 15136, 5.116766913551517
1741, 13310, 15136, 5.116603978165085
1742, 13312, 15136, 5.1159921483586555
1743, 13315, 15136, 5.111191903096681
1744, 13185, 15136, 5.244021026644074
1745, 13322, 15136, 5.106755470788273
1746, 13325, 15136, 5.109636321972058
1747, 13328, 15136, 5.10773741398645
1748, 13331, 15136, 5.107947619048619
1749, 13333, 15136, 5.101567246945042
1750, 13336, 15136, 5.106809286677566
1751, 13339, 15136, 5.1727772737842646
1752, 13208, 15576, 5.23855661019761
1753, 13346, 15136, 5.173153032505321
1754, 13349, 15156, 5.1764617563227
1755, 13352, 15156, 5.17267652340838
1756, 13355, 15156, 5.167988495679485
1757, 13357, 15156, 5.163609250097703
1758, 13360, 15156, 5.168176020519264
1758, 13360, 15156, 5.169377468484004
1759, 13363, 15156, 5.172362638556572
1760, 13230, 15596, 5.235571187756126
1761, 13370, 15156, 5.146845628587215
1762, 13373, 15156, 5.151314060341043
1763, 13376, 15156, 5.149241705436851
1764, 13378, 15156, 5.147080409590329
1765, 13381, 15156, 5.1472877664693995
1766, 13384, 15156, 5.144479631090746
1766, 13384, 15156, 5.14547134805504
1766, 13384, 15156, 5.138529750077014
1767, 13387, 15156, 5.147293211990725
1768, 13253, 15636, 5.198130593255313
1769, 13394, 15156, 5.140086250976379
1770, 13397, 15156, 5.144957052539805
1771, 13400, 15176, 5.137713658841611
1772, 13402, 15176, 5.13513599318033
1773, 13405, 15176, 5.144187216133035
1774, 13408, 15176, 5.141537199152937
1775, 13411, 15176, 5.1354351854619615
1776, 13276, 15656, 5.201905353875719
1777, 13418, 15176, 5.131473714989667
1778, 13421, 15176, 5.135856715482186
1779, 13423, 15176, 5.136187005712245
1780, 13426, 15176, 5.136992415306964
1781, 13429, 15178, 5.125332055738044
1782, 13432, 15178, 5.12622566435159
1782, 13432, 15178, 5.13318126135117
1783, 13435, 15178, 5.129248356400964
1784, 13298, 15678, 5.1902005826636755
1785, 13442, 15178, 5.125795993474403
1786, 13445, 15178, 5.12589816609427
1787, 13447, 15178, 5.15180977101593
1788, 13450, 15198, 5.156972616130845
1789, 13453, 15198, 5.1367557336031835
1790, 13456, 15198, 5.15608486758547
1791, 13459, 15198, 5.1510180321688095
1792, 13321, 15698, 5.17753702784194
1793, 13466, 15198, 4.953049934645377
1794, 13469, 15198, 4.933453979080923
1795, 13471, 15198, 4.9533742757509165
1796, 13474, 15198, 4.958737299369781
1797, 13477, 15198, 4.95167457920778
1798, 13480, 15198, 4.951527027436309
1799, 13483, 15198, 4.9495099576917685
1800, 13344, 15758, 5.093650103418402
1801, 13490, 15198, 4.95484382289092
1802, 13493, 15198, 4.943166242669007
1803, 13495, 15198, 4.953251634318962
1804, 13498, 15198, 4.947942731101737
1805, 13501, 15198, 4.949843101110389
1806, 13504, 15218, 4.946721892503526
1807, 13507, 15218, 4.942299565852244
1808, 13367, 15218, 5.089225106513645
1809, 13514, 15218, 4.942080885939477
1810, 13516, 15218, 4.942455203840066
1811, 13519, 15218, 4.940020341697137
1812, 13522, 15218, 4.937480246598762
1813, 13525, 15218, 4.938356060659271
1814, 13528, 15218, 4.942706856059024
1815, 13531, 15218, 4.94941529996855
1816, 13389, 15798, 5.0820128269052995
1817, 13538, 15218, 4.93853671465637
1818, 13540, 15218, 4.942449781448591
1819, 13543, 15218, 4.927615413771238
1820, 13546, 15218, 4.930231694691024
1821, 13549, 15218, 4.925438662737432
1822, 13552, 15218, 4.9253915932162595
1823, 13555, 15238, 4.927228969387495
1824, 13412, 15818, 5.083992523654488
1825, 13562, 15238, 4.912890861883963
1826, 13564, 15238, 4.9055108891536765
1827, 13567, 15238, 4.907538185332581
1828, 13570, 15238, 4.912102609651595
1829, 13573, 15238, 4.909464906465339
1830, 13576, 15238, 4.897056616316574
1831, 13579, 15238, 4.901584765528318
1832, 13435, 15838, 5.06183664860172
1833, 13586, 15238, 4.908826328056753
1834, 13588, 15238, 4.9071364722567345
1835, 13591, 15238, 4.903219013400782
1836, 13594, 15238, 4.908304374488756
1837, 13597, 15238, 4.905430765911369
1838, 13600, 15238, 4.9026091303257635
1839, 13603, 15238, 4.903022751253138
1840, 13457, 15258, 5.053457463791601
1841, 13610, 15258, 4.8927204407497635
1842, 13612, 15258, 4.886698842420909
1843, 13615, 15258, 4.891537123277981
1844, 13618, 15258, 4.898655490511672
1845, 13621, 15258, 4.8917930601303565
1846, 13624, 15258, 4.891557188074435
1847, 13627, 15258, 4.8931581810562585
1848, 13480, 15898, 5.048138693436721
1849, 13634, 15258, 4.8957695190502415
1850, 13636, 15258, 4.896506609881301
1851, 13639, 15258, 4.893431021064496
1852, 13642, 15258, 4.904974212301525
1853, 13645, 15258, 4.902222844139104
1854, 13648, 15258, 4.880696356266856
1855, 13651, 15258, 4.892242243882878
1856, 13503, 15918, 5.005521822992941
1857, 13658, 15278, 4.821328971702341
1858, 13661, 15278, 4.823646870523739
1859, 13663, 15278, 4.822040566491019
1860, 13666, 15278, 4.8216208091059425
1861, 13669, 15278, 4.8146668507538495
1862, 13672, 15278, 4.81221725436192
1863, 13675, 15278, 4.81311603902763
1864, 13526, 15958, 4.9675535581577925
1865, 13682, 15278, 4.8132853604081225
1866, 13685, 15278, 4.817501854068703
1867, 13687, 15278, 4.808245298320774
1868, 13690, 16358, 4.814457604329238
1869, 13693, 16358, 4.803655483290098
1870, 13696, 16358, 4.81020724872655
1871, 13699, 16378, 4.813904275209387
1872, 13548, 15978, 4.958210337518343
1873, 13706, 16378, 4.809268667026547
1874, 13709, 16378, 4.806874708671574
1875, 13711, 16378, 4.7921401769408885
1876, 13714, 16378, 4.802089953563343
1877, 13717, 16378, 4.799883257318132
1878, 13720, 16378, 4.799871324502888
1879, 13723, 16378, 4.801350688090035
1880, 13571, 15998, 4.951115662445705
1881, 13730, 16378, 4.80489801303627
1882, 13733, 16378, 4.803001648584883
1883, 13735, 16398, 4.793657662293154
1884, 13738, 16398, 4.798433949112577
1885, 13741, 16398, 4.794848904970512
1886, 13744, 16398, 4.79186397901134
1887, 13747, 16398, 4.79307038441519
1888, 13594, 16038, 4.94411501467425
1889, 13754, 16398, 4.783174274737593
1890, 13757, 16398, 4.780540155674447
1891, 13760, 16398, 4.78044471113647
1892, 13762, 16398, 4.781424889965345
1893, 13765, 16398, 4.783123489947718
1894, 13768, 16418, 4.7787063336626
1895, 13771, 16418, 4.777141636268235
1896, 13616, 16058, 4.926760566689103
1897, 13778, 16418, 4.7774594851105725
1898, 13781, 16418, 4.778052891104461
1899, 13784, 16418, 4.7743512989760335
1900, 13786, 16418, 4.772019114626399
1901, 13789, 16418, 4.771188762296808
1902, 13792, 16418, 4.773781107234745
1903, 13795, 16418, 4.773344046214093
1904, 13639, 15318, 4.913591831164957
1905, 13802, 16418, 4.7651760322585295
1906, 13805, 16438, 4.768567637099516
1907, 13808, 16438, 4.768249661829507
1908, 13811, 16438, 4.7668999074913945
1909, 13813, 16438, 4.768433413088951
1910, 13816, 16438, 4.767552918996357
1911, 13819, 16438, 4.764835363887112
1912, 13662, 16098, 4.916034679648935
1913, 13826, 16438, 4.770027764517332
1914, 13829, 16438, 4.771169485682175
1915, 13832, 16438, 4.764700789969666
1916, 13835, 16278, 4.769050195569189
1917, 13838, 16278, 4.764975732022389
1918, 13840, 16278, 4.76264803396331
1919, 13843, 16278, 4.759493528237239
1920, 13685, 16118, 4.867174804726498
1921, 13850, 16298, 4.58710992819004
1922, 13853, 16298, 4.592204072896833
1923, 13856, 16298, 4.585769303503399
1924, 13859, 16298, 4.5941980480624816
1925, 13862, 16298, 4.591000997879459
1926, 13865, 16298, 4.590273842788648
1927, 13867, 16318, 4.583881790804938
1928, 13707, 16138, 4.4388873026355355
1929, 13874, 16478, 4.578269921366632
1930, 13877, 16478, 4.584405444850445
1931, 13880, 16358, 4.582023102909226
1932, 13883, 16358, 4.581746259129511
1933, 13886, 16358, 4.583104563970455
1934, 13889, 16358, 4.582322939674146
1935, 13892, 16358, 4.568119692841323
1936, 13730, 15358, 4.433695906577273
1937, 13898, 16378, 4.554531304001711
1938, 13901, 16378, 4.553316862481237
1939, 13904, 16378, 4.552968488664089
1940, 13907, 16378, 4.548556904707485
1941, 13910, 16378, 4.557272527744759
1942, 13913, 16378, 4.560403780152475
1943, 13916, 16398, 4.551497521098066
1944, 13753, 15378, 4.41333171799379
1945, 13922, 16398, 4.557781067900192
1946, 13925, 16398, 4.55674651814926
1947, 13928, 16498, 4.564612262180376
1948, 13931, 16498, 4.564897832226625
1949, 13934, 16498, 4.562460415761985
1950, 13937, 16498, 4.551309331749213
1951, 13940, 16498, 4.573493445514283
1952, 13775, 16518, 4.430066970287057
1953, 13946, 16418, 4.5597560239122235
1954, 13949, 16418, 4.557679282478896
1955, 13952, 16438, 4.556520342336478
1956, 13955, 16438, 4.558092771333966
1957, 13958, 16438, 4.550374576433128
1958, 13961, 16438, 4.548224394964837
1959, 13964, 16438, 4.554200477979292
1960, 13798, 16258, 4.42347830988579
1961, 13970, 16438, 4.552670095363116
1962, 13973, 16458, 4.5534672046356
1963, 13976, 16458, 4.5493321558324125
1964, 13979, 16458, 4.546000466579156
1965, 13982, 16458, 4.545887313997116
1966, 13985, 16458, 4.542883525870068
1967, 13988, 16458, 4.549424039838555
1968, 13821, 16298, 4.430084557252196
1969, 13994, 16538, 4.549895599310828
1970, 13997, 16538, 4.557345266963009
1971, 14000, 16538, 4.551063261465201
1972, 14003, 16538, 4.549731537940633
1973, 14006, 16538, 4.552767396933383
1974, 14009, 16538, 4.551906652447527
1975, 14012, 16558, 4.543929952655791
1976, 13844, 16558, 4.569914404755679
1977, 14019, 16558, 4.556711182032935
1978, 14021, 16558, 4.5560535523168975
1979, 14024, 16498, 4.553589258402309
1980, 14027, 16498, 4.558696145342704
1981, 14030, 16518, 4.568435728958526
1982, 14033, 16518, 4.562226827652173
1983, 14036, 16518, 4.558236083821154
1984, 13866, 16338, 4.532213998177796
1985, 14043, 16518, 4.470516890078301
1986, 14046, 16518, 4.470132279144684
1987, 14049, 16578, 4.46961830831333
1988, 14051, 16538, 4.4704061495181575
1989, 14054, 16538, 4.46581672526251
1990, 14057, 16538, 4.469626684646865
1991, 14060, 16538, 4.467780052289653
1992, 13889, 16358, 4.511896888746844
1993, 14067, 16578, 4.45565489342897
1994, 14070, 16558, 4.464032217563978
1995, 14073, 16558, 4.459808552249027
1996, 14076, 16558, 4.462649418816402
1997, 14078, 16558, 4.463142136073662
1998, 14081, 16558, 4.467081232214831
1999, 14084, 16578, 4.457667287287572
2000, 13912, 16378, 4.509736425741415
2001, 14091, 16578, 4.46090981353233
2002, 14094, 16578, 4.452396041327639
2003, 14097, 16578, 4.462221306554755
2004, 14100, 16578, 4.461037917687702
2005, 14103, 16578, 4.458129983264807
2006, 14105, 16598, 4.45518879465671
2007, 14108, 16598, 4.460885273346124
2008, 13934, 16418, 4.50506009367028
2009, 14115, 16598, 4.465485873939879
2010, 14118, 16598, 4.462648108978667
2011, 14121, 16618, 4.4616068675580625
2012, 14124, 16618, 4.461479058012666
2013, 14127, 16618, 4.4554159566659
2014, 14130, 16618, 4.459055663440007
2015, 14133, 16618, 4.459847143627388
2016, 13957, 16438, 4.504038162278554
2017, 14139, 16618, 4.443204340001882
2018, 14142, 16618, 4.4456298663154845
2019, 14145, 16618, 4.443157271750097
2020, 14148, 16638, 4.439996244604722
2021, 14151, 16638, 4.443182428795095
2022, 14154, 16638, 4.4448474845125325
2023, 14157, 16638, 4.442031339421192
2024, 13980, 16638, 4.4917850081874064
2025, 14163, 16658, 4.437641781017853
2026, 14166, 16658, 4.446914017607444
2027, 14169, 16658, 4.435589677778091
2028, 14172, 16658, 4.439512675195585
2029, 14175, 16658, 4.439755419057554
2030, 14178, 16658, 4.433984079700214
2031, 14181, 16678, 4.435090087687189
2032, 14003, 16478, 4.483672161623144
2033, 14187, 16678, 4.430347571646097
2034, 14190, 16678, 4.430379845501948
2035, 14193, 16678, 4.431070618735186
2036, 14196, 16678, 4.429367638579951
2037, 14199, 16678, 4.430312070947748
2038, 14202, 16698, 4.428990558937015
2039, 14205, 16698, 4.42467661907269
2040, 14025, 16498, 4.472250349625461
2041, 14212, 16698, 4.427601659904495
2042, 14214, 16698, 4.43284679757995
2043, 14217, 16698, 4.435190029046191
2044, 14220, 16718, 4.432390303685607
2045, 14223, 16718, 4.422915664886662
2046, 14226, 16718, 4.428783176373175
2047, 14229, 16718, 4.427641629962826
2048, 14048, 16538, 4.436848289615833
